[
  {
    "type": "overmap_special",
    "id": "Spider Pit",
    "overmaps": [
      { "point":[0,0,0], "overmap": "spider_pit"},
      { "point":[0,0,-1], "overmap": "spider_pit_under"}
    ],
    "locations": [ "forest" ],
    "city_distance": [0, -1],
    "city_sizes": [4, 12],
    "occurrences": [0, 0],
    "rotate": true
  },{
    "type": "overmap_special",
    "id": "spider_pit_close",
    "overmaps": [
      { "point":[0,0,0], "overmap": "spider_pit"},
      { "point":[0,0,-1], "overmap": "spider_pit_under"}
    ],
    "locations": [ "forest" ],
    "city_distance": [0, 10],
    "city_sizes": [4, 12],
    "occurrences": [0, 0],
    "rotate": true
  },{
    "type": "overmap_special",
    "id": "trapdoor_spider_pit_close",
    "overmaps": [
      { "point":[0,0,0], "overmap": "trapdoor_pit"},
      { "point":[0,0,-1], "overmap": "trapdoor_pit_b1"}
    ],
    "locations": [ "field" ],
    "city_distance": [0, 8],
    "city_sizes": [4, 16],
    "occurrences": [0, 0],
    "rotate": true
  },{
    "type": "overmap_special",
    "id": "trapdoor_spider_pit",
    "overmaps": [
      { "point":[0,0,0], "overmap": "trapdoor_pit"},
      { "point":[0,0,-1], "overmap": "trapdoor_pit_b1"}
    ],
    "locations": [ "field" ],
    "city_distance": [2, -1],
    "city_sizes": [1, 16],
    "occurrences": [0, 0],
    "rotate": true
  }
]
