[
  {
    "id": "emit_radiation_plume",
    "type": "emit",
    "//": "dab of radiactive gas leaking. (example: glowing boomer)",
    "field": "fd_smoke",
    "density": 1,
    "qty": 1,
    "chance": 4
  },
  {
    "id": "emit_radiation_small",
    "type": "emit",
    "//": "Small amounts of radiactive gas leaking. (example: bloated zombie)",
    "field": "fd_smoke",
    "density": 2,
    "qty": 1,
    "chance": 2
  },
  {
    "id": "emit_radiation_puff",
    "type": "emit",
    "//": "dense dab of radiactive gas leaking. (example: glowing boomer)",
    "field": "fd_smoke",
    "density": 3,
    "qty": 1,
    "chance": 1
  }
]
