[
  {
    "type": "monstergroup",
    "name": "GROUP_ZOMBIE_MID",
    "//": "PKs Mid spawn list.  After the threshold for the formula in Group_Zom is reached, this list should start to take over.",
    "default": "mon_null",
    "monsters": [
      { "monster": "mon_failed_weapon", "freq": 1, "cost_multiplier": 80 },
      { "monster": "mon_zombie_failed_weapon", "freq": 1, "cost_multiplier": 30 },
      { "monster": "mon_zombie_bio_infantry", "freq": 2, "cost_multiplier": 15 },
      { "monster": "mon_zombie_bio_knight", "freq": 2, "cost_multiplier": 15 },
      { "monster": "mon_zombie_bio_scout", "freq": 2, "cost_multiplier": 15 },
      { "monster": "mon_zombie_bio_tool", "freq": 2, "cost_multiplier": 15 },

      { "monster": "mon_zombie_pk", "freq": 50, "cost_multiplier": 3, "pack_size": [ 1, 3 ] },
      { "monster": "mon_zombie_pk", "freq": 25, "cost_multiplier": 5, "pack_size": [ 2, 5 ] },
      { "monster": "mon_zombie_pk", "freq": 20, "cost_multiplier": 7, "pack_size": [ 5, 10 ] },
      { "monster": "mon_zombie_pk", "freq": 5, "cost_multiplier": 13, "pack_size": [ 10, 15 ] },
      { "monster": "mon_zombie_pk", "freq": 5, "cost_multiplier": 20, "pack_size": [ 15, 20 ] },
      { "monster": "mon_zombie", "freq": 10, "cost_multiplier": 7, "pack_size": [ 5, 10 ] },
      { "monster": "mon_zombie_2", "freq": 10, "cost_multiplier": 7, "pack_size": [ 5, 10 ], "starts": 2 },
      { "monster": "mon_zombie_3", "freq": 10, "cost_multiplier": 7, "pack_size": [ 5, 10 ], "starts": 2 },

      { "monster": "mon_zombie_fat", "freq": 15, "cost_multiplier": 8, "pack_size": [ 2, 4 ] },
      { "monster": "mon_zombie_fat_2", "freq": 10, "cost_multiplier": 4, "pack_size": [ 1, 3 ], "starts": 2 },
      { "monster": "mon_zombie_fat_3", "freq": 10, "cost_multiplier": 4, "pack_size": [ 1, 3 ], "starts": 2 },
      { "monster": "mon_zombie_tough", "freq": 10, "cost_multiplier": 9, "pack_size": [ 1, 3 ] },
      { "monster": "mon_zombie_tough_2", "freq": 10, "cost_multiplier": 6, "pack_size": [ 1, 3 ], "starts": 2 },
      { "monster": "mon_zombie_tough_3", "freq": 10, "cost_multiplier": 6, "pack_size": [ 1, 3 ], "starts": 2 },
      { "monster": "mon_zombie_tough", "freq": 20, "cost_multiplier": 15, "pack_size": [ 2, 5 ] },
      { "monster": "mon_zombie_child", "freq": 10, "cost_multiplier": 5, "pack_size": [ 1, 5 ] },
      { "monster": "mon_zombie_child_2", "freq": 10, "cost_multiplier": 5, "pack_size": [ 1, 5 ], "starts": 2 },
      { "monster": "mon_zombie_child_3", "freq": 10, "cost_multiplier": 5, "pack_size": [ 1, 5 ], "starts": 2 },
      { "monster": "mon_zombie_child", "freq": 20, "cost_multiplier": 10, "pack_size": [ 6, 10 ] },
      { "monster": "mon_zombie_child_pk", "freq": 10, "cost_multiplier": 3, "pack_size": [ 2, 5 ] },

      { "monster": "mon_zombie_cripple", "freq": 5, "cost_multiplier": 2, "pack_size": [ 1, 2 ] },
      { "monster": "mon_zombie_blind", "freq": 5, "cost_multiplier": 2, "pack_size": [ 1, 2 ] },
      { "monster": "mon_zombie_blind_pk", "freq": 10, "cost_multiplier": 9, "pack_size": [ 1, 2 ] },
      { "monster": "mon_zombie_rot", "freq": 5, "cost_multiplier": 3, "pack_size": [ 1, 2 ] },
      { "monster": "mon_zombie_rot_pk", "freq": 5, "cost_multiplier": 5, "pack_size": [ 1, 2 ] },
      { "monster": "mon_zombie_rot_flu", "freq": 7, "cost_multiplier": 1, "pack_size": [ 1, 2 ], "starts": 5 },
      { "monster": "mon_zombie_rot_pk_flu", "freq": 3, "cost_multiplier": 5, "pack_size": [ 1, 2 ], "starts": 5 },
      { "monster": "mon_zombie_rot_worms", "freq": 3, "cost_multiplier": 1, "pack_size": [ 1, 2 ], "starts": 10 },
      { "monster": "mon_zombie_rot_pk_worms", "freq": 1, "cost_multiplier": 5, "pack_size": [ 1, 2 ], "starts": 10 },
      { "monster": "mon_zombie_rot_pain", "freq": 1, "cost_multiplier": 1, "pack_size": [ 1, 2 ], "starts": 10 },
      { "monster": "mon_zombie_rot_pk_pain", "freq": 1, "cost_multiplier": 5, "pack_size": [ 1, 2 ], "starts": 10 },
      { "monster": "mon_skeleton", "freq": 10, "cost_multiplier": 8, "pack_size": [ 1, 4 ] },
      { "monster": "mon_zombie_crawler", "freq": 5, "cost_multiplier": 12, "pack_size": [ 1, 4 ] },
      { "monster": "mon_zombie_crawler_pk_weak", "freq": 2, "cost_multiplier": 12, "starts": 50 },
      { "monster": "mon_zombie_crawler_pk", "freq": 1, "cost_multiplier": 25, "starts": 200, "conditions": [ "DUSK", "NIGHT" ] },

      { "monster": "mon_zombie_dog", "freq": 10, "cost_multiplier": 6, "pack_size": [ 1, 3 ] },
      { "monster": "mon_zombie_dog", "freq": 10, "cost_multiplier": 14, "pack_size": [ 2, 5 ] },
      { "monster": "mon_zombie_dog", "freq": 2, "cost_multiplier": 20, "pack_size": [ 6, 9 ] },
      { "monster": "mon_zombie_dog_pk", "freq": 3, "cost_multiplier": 20, "pack_size": [ 1, 3 ] },
      { "monster": "mon_dog_skeleton", "freq": 10, "cost_multiplier": 5 },
      { "monster": "mon_dog_skeleton", "freq": 10, "cost_multiplier": 20, "pack_size": [ 2, 4 ] },
      { "monster": "mon_dog_skeleton_pk", "freq": 1, "cost_multiplier": 30 },
      { "monster": "mon_dog_zombie_cop", "freq": 5, "cost_multiplier": 5 },
      { "monster": "mon_dog_zombie_rot", "freq": 5, "cost_multiplier": 10, "pack_size": [ 3, 7 ] },
      { "monster": "mon_dog_zombie_rot_worms", "freq": 1, "cost_multiplier": 9, "pack_size": [ 1, 2 ], "starts": 5 },
      { "monster": "mon_dog_zombie_rot_pain", "freq": 1, "cost_multiplier": 9, "pack_size": [ 1, 2 ], "starts": 5 },
      { "monster": "mon_dog_zombie_cop_pk", "freq": 2, "cost_multiplier": 20, "pack_size": [ 1, 2 ] },

      { "monster": "mon_zombie_soldier", "freq": 10, "cost_multiplier": 2 },
      { "monster": "mon_zombie_soldier", "freq": 5, "cost_multiplier": 8, "pack_size": [ 2, 6 ] },
      { "monster": "mon_zombie_cop", "freq": 10, "cost_multiplier": 3 },
      { "monster": "mon_zombie_hazmat", "freq": 10, "cost_multiplier": 3 },
      { "monster": "mon_zombie_fireman", "freq": 5, "cost_multiplier": 2 },

      { "monster": "mon_zombie_swimmer", "freq": 1, "cost_multiplier": 5 },
      { "monster": "mon_zombie_swimmer_pk", "freq": 1, "cost_multiplier": 5 },
      { "monster": "mon_zombie_grabber", "freq": 30, "cost_multiplier": 20, "pack_size": [ 3, 5 ] },
      { "monster": "mon_zombie_grappler", "freq": 15, "cost_multiplier": 10 },
      { "monster": "mon_zombie_grappler", "freq": 5, "cost_multiplier": 20, "pack_size": [ 2, 3 ] },
      { "monster": "mon_zombie_biter", "freq": 10, "cost_multiplier": 5 },
      { "monster": "mon_zombie_scales", "freq": 1, "cost_multiplier": 15, "pack_size": [ 1, 2 ] },

      { "monster": "mon_zombie_runner_pk", "freq": 5, "cost_multiplier": 1, "pack_size": [ 2, 5 ] },
      { "monster": "mon_zombie_runner_pk", "freq": 5, "cost_multiplier": 1, "pack_size": [ 4, 7 ] },
      { "monster": "mon_zombie_runner", "freq": 15, "cost_multiplier": 5, "pack_size": [ 1, 3 ] },
      { "monster": "mon_zombie_hunter", "freq": 5, "cost_multiplier": 15, "pack_size": [ 1, 3 ] },
      { "monster": "mon_zombie_predator", "freq": 3, "cost_multiplier": 15, "pack_size": [ 1, 2 ] },

      { "monster": "mon_zombie_gasbag", "freq": 10, "cost_multiplier": 5 },
      { "monster": "mon_zombie_gasbag", "freq": 5, "cost_multiplier": 15, "pack_size": [ 2, 4 ] },
      { "monster": "mon_zombie_smoker", "freq": 9, "cost_multiplier": 5 },
      { "monster": "mon_zombie_smoker", "freq": 5, "cost_multiplier": 10, "pack_size": [ 1, 3 ] },
      { "monster": "mon_zombie_smoker_pk", "freq": 1, "cost_multiplier": 15, "pack_size": [ 1, 2 ] },
      { "monster": "mon_zombie_gasbag_pk", "freq": 2, "cost_multiplier": 10 },
      { "monster": "mon_zombie_gasbag_pk", "freq": 1, "cost_multiplier": 35, "pack_size": [ 1, 3 ] },
      { "monster": "mon_zombie_radbag", "freq": 2, "cost_multiplier": 15, "pack_size": [ 1, 3 ] },
      { "monster": "mon_charred_nightmare", "freq": 2, "cost_multiplier": 15, "pack_size": [ 1, 2 ] },

      { "monster": "mon_boomer", "freq": 5, "cost_multiplier": 5 },
      { "monster": "mon_boomer", "freq": 10, "cost_multiplier": 15, "pack_size": [ 2, 4 ] },
      { "monster": "mon_boomer_huge_pk", "freq": 5, "cost_multiplier": 3, "pack_size": [ 1, 3 ] },
      { "monster": "mon_boomer_huge", "freq": 5, "cost_multiplier": 14, "pack_size": [ 1, 3 ] },

      { "monster": "mon_zombie_shrieker", "freq": 15, "cost_multiplier": 5 },
      { "monster": "mon_zombie_shrieker", "freq": 5, "cost_multiplier": 10, "pack_size": [ 2, 4 ] },
      { "monster": "mon_zombie_screecher", "freq": 3, "cost_multiplier": 14, "pack_size": [ 1, 2 ] },

      { "monster": "mon_zombie_acidic", "freq": 5, "cost_multiplier": 9, "pack_size": [ 2, 4 ] },
      { "monster": "mon_zombie_acidic_pk", "freq": 5, "cost_multiplier": 7, "pack_size": [ 2, 4 ] },
      { "monster": "mon_zombie_spitter", "freq": 10, "cost_multiplier": 5 },
      { "monster": "mon_zombie_spitter", "freq": 5, "cost_multiplier": 15, "pack_size": [ 2, 4 ] },
      { "monster": "mon_zombie_corrosive", "freq": 4, "cost_multiplier": 15 },
      { "monster": "mon_zombie_corrosive", "freq": 1, "cost_multiplier": 24, "pack_size": [ 1, 3 ] },

      { "monster": "mon_zombie_electric", "freq": 15, "cost_multiplier": 6 },
      { "monster": "mon_zombie_electric", "freq": 3, "cost_multiplier": 14, "pack_size": [ 2, 3 ] },
      { "monster": "mon_zombie_electric_pk", "freq": 2, "cost_multiplier": 14, "pack_size": [ 1, 2 ] },
      { "monster": "mon_zombie_brute_shocker", "freq": 3, "cost_multiplier": 30 },
      { "monster": "mon_zombie_brute_shocker", "freq": 2, "cost_multiplier": 50, "pack_size": [ 1, 2 ] },

      { "monster": "mon_zombie_brute", "freq": 15, "cost_multiplier": 15 },
      { "monster": "mon_zombie_brute", "freq": 3, "cost_multiplier": 30, "pack_size": [ 2, 3 ] },
      { "monster": "mon_zombie_brute_ninja", "freq": 1, "cost_multiplier": 20 },
      { "monster": "mon_zombie_brute_grappler", "freq": 1, "cost_multiplier": 20 },
      { "monster": "mon_zombie_hulk", "freq": 1, "cost_multiplier": 50 },

      { "monster": "mon_zombie_necro", "freq": 3, "cost_multiplier": 25, "pack_size": [ 1, 2 ] },
      { "monster": "mon_zombie_necro_pk", "freq": 2, "cost_multiplier": 50 },
      { "monster": "mon_zombie_survivor", "freq": 10, "cost_multiplier": 40, "pack_size": [ 1, 5 ] },
      { "monster": "mon_zombie_master", "freq": 2, "cost_multiplier": 30, "pack_size": [ 1, 2 ] },
      { "monster": "mon_zombie_master_pk", "freq": 1, "cost_multiplier": 60 },
      { "monster": "mon_zombie_lord", "freq": 2, "cost_multiplier": 60, "conditions": [ "DUSK", "NIGHT", "DAWN" ] },

      { "monster": "mon_zombie_shady", "freq": 25, "cost_multiplier": 10, "pack_size": [ 1, 4 ] },
      { "monster": "mon_zombie_shady", "freq": 5, "cost_multiplier": 25, "pack_size": [ 2, 5 ] },
      { "monster": "mon_zombie_shady_pk", "freq": 1, "cost_multiplier": 25, "pack_size": [ 1, 2 ] },
      { "monster": "mon_zombie_hollow", "freq": 15, "cost_multiplier": 10 },
      { "monster": "mon_zombie_hollow", "freq": 10, "cost_multiplier": 30, "pack_size": [ 2, 4 ] },
      { "monster": "mon_zombie_hollow_pk", "freq": 3, "cost_multiplier": 30, "pack_size": [ 1, 3 ] },

      { "monster": "mon_beekeeper", "freq": 6, "cost_multiplier": 3, "pack_size": [ 2, 5 ] },
      { "monster": "mon_beekeeper_pk", "freq": 4, "cost_multiplier": 10, "pack_size": [ 1, 5 ] },
      { "monster": "mon_zombie_technician", "freq": 3, "cost_multiplier": 12 },

      { "monster": "mon_zombie_scorched", "freq": 4, "cost_multiplier": 8, "pack_size": [ 1, 4 ], "starts": 25 },
      { "monster": "mon_zombie_fiend", "freq": 4, "cost_multiplier": 14, "pack_size": [ 1, 2 ], "starts": 25 },
      { "monster": "mon_zombie_child_scorched", "freq": 4, "cost_multiplier": 14, "pack_size": [ 2, 8 ], "starts": 50 },
      { "monster": "mon_zombie_fiend_shocker", "freq": 4, "cost_multiplier": 12, "pack_size": [ 1, 2 ], "starts": 50 },
      { "monster": "mon_zombie_scorched_shocker", "freq": 4, "cost_multiplier": 10, "pack_size": [ 1, 3 ], "starts": 50, "conditions": [ "DUSK", "DAY", "DAWN" ] },
      { "monster": "mon_zombie_scorched_necro", "freq": 5, "cost_multiplier": 18, "pack_size": [ 1, 3 ], "starts": 75, "conditions": [ "DUSK", "DAWN" ] },
      { "monster": "mon_zombie_scorched_master", "freq": 5, "cost_multiplier": 18, "pack_size": [ 1, 3 ], "starts": 75, "conditions": [ "DUSK", "DAWN" ] },
      { "monster": "mon_zolf_scorched", "freq": 5, "cost_multiplier": 25, "conditions": [ "WINTER", "DUSK", "NIGHT" ] },

      { "monster": "mon_blob", "freq": 6, "cost_multiplier": 5 },
      { "monster": "mon_blob_large", "freq": 4, "cost_multiplier": 10 },

      { "monster": "mon_pidgeon", "freq": 10, "cost_multiplier": 0, "pack_size": [ 1, 4 ] },
      { "monster": "mon_pidgeon", "freq": 10, "cost_multiplier": 1, "pack_size": [ 5, 9 ] },
      { "monster": "mon_crow", "freq": 15, "cost_multiplier": 1, "pack_size": [ 4, 8 ] },
      { "monster": "mon_gull", "freq": 5, "cost_multiplier": 0, "conditions": [ "DAY" ], "pack_size": [ 2, 7 ] },
      { "monster": "mon_sewer_rat", "freq": 5, "cost_multiplier": 1, "pack_size": [ 1, 5 ], "conditions": [ "SPRING", "SUMMER", "AUTUMN" ] },
      { "monster": "mon_sewer_rat", "freq": 5, "cost_multiplier": 5, "pack_size": [ 5, 12 ], "conditions": [ "DUSK", "NIGHT", "SPRING", "SUMMER", "AUTUMN" ] },
      { "monster": "mon_black_rat", "freq": 5, "cost_multiplier": 1, "pack_size": [ 1, 5 ], "conditions": [ "SPRING", "SUMMER", "AUTUMN" ] },
      { "monster": "mon_black_rat", "freq": 5, "cost_multiplier": 5, "pack_size": [ 5, 12 ], "conditions": [ "DUSK", "NIGHT", "SPRING", "SUMMER", "AUTUMN" ] }
    ]
  },
  {
    "type": "monstergroup",
    "name": "GROUP_LARGE_STATION",
    "default": "mon_zombie_technician",
    "monsters": [
      { "monster": "mon_failed_weapon", "freq": 25, "cost_multiplier": 20 },
      { "monster": "mon_zombie_failed_weapon", "freq": 15, "cost_multiplier": 20 },
      { "monster": "mon_zombie_bio_infantry", "freq": 20, "cost_multiplier": 15 },
      { "monster": "mon_zombie_bio_knight", "freq": 15, "cost_multiplier": 15 },
      { "monster": "mon_zombie_bio_scout", "freq": 20, "cost_multiplier": 15 },
      { "monster": "mon_zombie_bio_tool", "freq": 25, "cost_multiplier": 15 },

      { "monster": "mon_robot_drone", "freq": 25, "cost_multiplier": 0 },
      { "monster": "mon_cyborg_cop", "freq": 15, "cost_multiplier": 5 },
      { "monster": "mon_cyborg_guard", "freq": 50, "cost_multiplier": 5 },
      { "monster": "mon_broken_cyborg", "freq": 100, "cost_multiplier": 1 },
      { "monster": "mon_zombie_radbag", "freq": 50, "cost_multiplier": 3 },
      { "monster": "mon_zombie_smoker_pk", "freq": 25, "cost_multiplier": 15, "pack_size": [ 1, 2 ] },
      { "monster": "mon_beekeeper_pk", "freq": 100, "cost_multiplier": 5, "pack_size": [ 1, 3 ] },
      { "monster": "mon_zombie_brute_shocker", "freq": 200, "cost_multiplier": 2, "pack_size": [ 1, 2 ] },
      { "monster": "mon_zombie_electric_pk", "freq": 50, "cost_multiplier": 3, "pack_size": [ 1, 2 ] },
      { "monster": "mon_zombie_electric", "freq": 75, "cost_multiplier": 3, "pack_size": [ 1, 2 ] },
      { "monster": "mon_zombie_technician", "freq": 100, "cost_multiplier": 5, "pack_size": [ 2, 4 ] },
      { "monster": "mon_zombie_tough", "freq": 50, "cost_multiplier": 0 }
    ]
  }
]