[
  {
    "type": "monstergroup",
    "name": "GROUP_DOOMLAB",
    "default": "mon_null",
    "monsters": [
      { "monster": "mon_failed_weapon", "freq": 4, "cost_multiplier": 80 },
      { "monster": "mon_zombie_failed_weapon", "freq": 4, "cost_multiplier": 30 },
      { "monster": "mon_zombie_bio_infantry", "freq": 10, "cost_multiplier": 15 },
      { "monster": "mon_zombie_bio_knight", "freq": 10, "cost_multiplier": 15 },
      { "monster": "mon_zombie_bio_scout", "freq": 10, "cost_multiplier": 15 },
      { "monster": "mon_zombie_bio_tool", "freq": 10, "cost_multiplier": 15 },

      { "monster": "mon_manhack", "freq": 22, "cost_multiplier": 0, "pack_size": [ 1, 2 ] },
      { "monster": "mon_manhack", "freq": 22, "cost_multiplier": 3, "pack_size": [ 6, 12 ] },
      { "monster": "mon_skitterbot", "freq": 70, "cost_multiplier": 0, "pack_size": [ 1, 3 ] },
      { "monster": "mon_secubot", "freq": 22, "cost_multiplier": 3 },
      { "monster": "mon_turret_rifle", "freq": 45, "cost_multiplier": 0 },
      { "monster": "mon_turret_bmg", "freq": 10, "cost_multiplier": 5 },
      { "monster": "mon_turret_shockcannon", "freq": 10, "cost_multiplier": 3 },
      { "monster": "mon_cyborg_guard", "freq": 10, "cost_multiplier": 5 },
      { "monster": "mon_broken_cyborg", "freq": 45, "cost_multiplier": 1 },
      { "monster": "mon_blob_small", "freq": 22, "cost_multiplier": 0, "pack_size": [ 2, 3 ] },
      { "monster": "mon_blob", "freq": 22, "cost_multiplier": 0, "pack_size": [ 1, 2 ] },
      { "monster": "mon_blob_large", "freq": 13, "cost_multiplier": 3 },
      { "monster": "mon_shoggoth", "freq": 1, "cost_multiplier": 5 },
      { "monster": "mon_zombie", "freq": 45, "cost_multiplier": 0 },
      { "monster": "mon_zombie_scientist", "freq": 150, "cost_multiplier": 0, "pack_size": [ 1, 4 ] },
      { "monster": "mon_zombie_hazmat", "freq": 100, "cost_multiplier": 0 },
      { "monster": "mon_zombie_bio_op", "freq": 10, "cost_multiplier": 5 },
      { "monster": "mon_zombie_armored", "freq": 35, "cost_multiplier": 5 },
      { "monster": "mon_zombie_soldier", "freq": 35, "cost_multiplier": 0 },
      { "monster": "mon_crawler", "freq": 15, "cost_multiplier": 3 },

      { "monster": "mon_cherub", "freq": 3, "cost_multiplier": 0, "pack_size": [ 2, 5 ] },
      { "monster": "mon_doom_churl", "freq": 3, "cost_multiplier": 5, "pack_size": [ 1, 3 ] },
      { "monster": "mon_doom_churl_revive", "freq": 3, "cost_multiplier": 3, "pack_size": [ 1, 4 ] },
      { "monster": "mon_imp", "freq": 5, "cost_multiplier": 0 },
      { "monster": "mon_imp_revive", "freq": 3, "cost_multiplier": 3, "pack_size": [ 1, 2 ], "starts": 5 },
      { "monster": "mon_imp_black", "freq": 3, "cost_multiplier": 1, "starts": 2 },
      { "monster": "mon_pinky", "freq": 12, "cost_multiplier": 1, "pack_size": [ 1, 4 ], "starts": 5 },
      { "monster": "mon_pinky_revive", "freq": 5, "cost_multiplier": 3, "pack_size": [ 1, 4 ], "starts": 5 },
      { "monster": "mon_lostsoul", "freq": 8, "cost_multiplier": 0, "pack_size": [ 2, 5 ] },
      { "monster": "mon_revenant", "freq": 3, "cost_multiplier": 0 },
      { "monster": "mon_hell_knight", "freq": 5, "cost_multiplier": 5, "pack_size": [ 1, 2 ] },
      { "monster": "mon_hell_knight_revive", "freq": 3, "cost_multiplier": 5, "pack_size": [ 1, 2 ], "starts": 5 },
      { "monster": "mon_hell_baron", "freq": 5, "cost_multiplier": 5, "pack_size": [ 1, 2 ], "starts": 25 },
      { "monster": "mon_mancubus", "freq": 2, "cost_multiplier": 5, "pack_size": [ 1, 2 ], "starts": 50 },
      { "monster": "mon_cacodemon", "freq": 2, "cost_multiplier": 0, "pack_size": [ 1, 2 ] },
      { "monster": "mon_cacodemon_revive", "freq": 1, "cost_multiplier": 0, "pack_size": [ 1, 2 ], "starts": 5 },
      { "monster": "mon_mechaspider", "freq": 6, "cost_multiplier": 5, "pack_size": [ 1, 2 ] },
      { "monster": "mon_doom_archvile", "freq": 1, "cost_multiplier": 60, "starts": 100, "conditions": [ "SUMMER", "AUTUMN" ] },
      { "monster": "mon_doom_archvile_2", "freq": 1, "cost_multiplier": 60, "starts": 10, "conditions": [ "DAY", "SPRING", "SUMMER" ] },
      { "monster": "mon_doom_archvile_3", "freq": 1, "cost_multiplier": 60, "starts": 10, "conditions": [ "DAWN", "NIGHT", "DUSK", "SPRING", "SUMMER" ] },
      { "monster": "mon_doom_archvile_4", "freq": 1, "cost_multiplier": 60, "starts": 10, "conditions": [ "DAY", "AUTUMN", "WINTER" ] },
      { "monster": "mon_doom_archvile_5", "freq": 1, "cost_multiplier": 60, "starts": 10, "conditions": [ "DAWN", "NIGHT", "DUSK", "AUTUMN", "WINTER" ] },
      { "monster": "mon_cyberdemon", "freq": 1, "cost_multiplier": 50, "starts": 50, "conditions": [ "NIGHT" ] }
    ]
  },
  {
    "type": "monstergroup",
    "name": "GROUP_LAB",
    "default": "mon_zombie_scientist",
    "monsters": [
      { "monster": "mon_failed_weapon", "freq": 4, "cost_multiplier": 80 },
      { "monster": "mon_zombie_failed_weapon", "freq": 4, "cost_multiplier": 30 },
      { "monster": "mon_zombie_bio_infantry", "freq": 10, "cost_multiplier": 15 },
      { "monster": "mon_zombie_bio_knight", "freq": 10, "cost_multiplier": 15 },
      { "monster": "mon_zombie_bio_scout", "freq": 10, "cost_multiplier": 15 },
      { "monster": "mon_zombie_bio_tool", "freq": 10, "cost_multiplier": 15 },

      { "monster": "mon_crawler", "freq": 25, "cost_multiplier": 3 },
      { "monster": "mon_blob", "freq": 25, "cost_multiplier": 1, "pack_size": [ 1, 2 ] },
      { "monster": "mon_blob_large", "freq": 14, "cost_multiplier": 3 },
      { "monster": "mon_shoggoth", "freq": 1, "cost_multiplier": 5 },
      { "monster": "mon_turret_shockcannon", "freq": 10, "cost_multiplier": 3 },
      { "monster": "mon_cyborg_guard", "freq": 15, "cost_multiplier": 5 },
      { "monster": "mon_broken_cyborg", "freq": 50, "cost_multiplier": 1 },
      { "monster": "mon_turret_rifle", "freq": 25, "cost_multiplier": 0 },

      { "monster": "mon_blob_small", "freq": 25, "cost_multiplier": 0, "pack_size": [ 1, 4 ] },
      { "monster": "mon_manhack", "freq": 200, "cost_multiplier": 0 },
      { "monster": "mon_manhack", "freq": 45, "cost_multiplier": 0, "pack_size": [ 2, 3 ] },
      { "monster": "mon_skitterbot", "freq": 85, "cost_multiplier": 0 },
      { "monster": "mon_skitterbot", "freq": 85, "cost_multiplier": 0, "pack_size": [ 2, 3 ] },
      { "monster": "mon_skitterbot", "freq": 1, "cost_multiplier": 0, "pack_size": [ 8, 12 ] },
      { "monster": "mon_zombie_hazmat", "freq": 100, "cost_multiplier": 0 },
      { "monster": "mon_zombie_bio_op", "freq": 10, "cost_multiplier": 5 },
      { "monster": "mon_zombie_armored", "freq": 10, "cost_multiplier": 5 },
      { "monster": "mon_zombie_soldier", "freq": 30, "cost_multiplier": 0 },
      { "monster": "mon_crawler", "freq": 5, "cost_multiplier": 3 }
    ]
  },
  {
    "type": "monstergroup",
    "name": "GROUP_ICE_LAB",
    "default": "mon_zombie_scientist",
    "monsters": [
      { "monster": "mon_failed_weapon", "freq": 4, "cost_multiplier": 80 },
      { "monster": "mon_zombie_failed_weapon", "freq": 4, "cost_multiplier": 30 },
      { "monster": "mon_zombie_bio_infantry", "freq": 10, "cost_multiplier": 15 },
      { "monster": "mon_zombie_bio_knight", "freq": 10, "cost_multiplier": 15 },
      { "monster": "mon_zombie_bio_scout", "freq": 10, "cost_multiplier": 15 },
      { "monster": "mon_zombie_bio_tool", "freq": 10, "cost_multiplier": 15 },

      { "monster": "mon_crawler", "freq": 25, "cost_multiplier": 3 },
      { "monster": "mon_blob", "freq": 25, "cost_multiplier": 1, "pack_size": [ 1, 2 ] },
      { "monster": "mon_blob_large", "freq": 14, "cost_multiplier": 3 },
      { "monster": "mon_shoggoth", "freq": 1, "cost_multiplier": 5 },
      { "monster": "mon_turret_shockcannon", "freq": 10, "cost_multiplier": 3 },
      { "monster": "mon_cyborg_guard", "freq": 15, "cost_multiplier": 5 },
      { "monster": "mon_broken_cyborg", "freq": 50, "cost_multiplier": 1 },
      { "monster": "mon_turret_rifle", "freq": 25, "cost_multiplier": 0 },

      { "monster": "mon_blob_small", "freq": 25, "cost_multiplier": 0, "pack_size": [ 1, 4 ] },
      { "monster": "mon_manhack", "freq": 150, "cost_multiplier": 0 },
      { "monster": "mon_manhack", "freq": 50, "cost_multiplier": 0, "pack_size": [ 2, 3 ] },
      { "monster": "mon_skitterbot", "freq": 100, "cost_multiplier": 0 },
      { "monster": "mon_skitterbot", "freq": 50, "cost_multiplier": 0, "pack_size": [ 2, 3 ] },
      { "monster": "mon_zombie_hazmat", "freq": 100, "cost_multiplier": 0 },
      { "monster": "mon_zombie_bio_op", "freq": 10, "cost_multiplier": 5 },
      { "monster": "mon_zombie_armored", "freq": 10, "cost_multiplier": 5 },
      { "monster": "mon_zombie_soldier", "freq": 30, "cost_multiplier": 0 },
      { "monster": "mon_crawler", "freq": 5, "cost_multiplier": 3 }
    ]
  }
]