[
  {
    "id": "ocg_smc300",
    "copy-from": "ocg_smc308",
    "type": "GUN",
    "name": { "str": "OCG SMC300" },
    "description": "Stockless Marksman Carbine, the first gun among OmniCorp products, is a selective-fire \"sidearm\" which shares magazines with sniper rifles. Includes critically needed gyroscopic stabilizer. This .300 WM version won three \"Overkill Awards\" from the Guns n Ammo magazine.",
    "weight": "2560 g",
    "volume": "1 L",
    "price": "1750 USD",
    "ammo": "300",
    "dispersion": 250,
    "loudness": 50,
    "modes": [ [ "DEFAULT", "semi-auto", 1 ], [ "BURST", "2 rd.", 2 ] ],
    "built_in_mods": [ "ocg_stabilizer", "match_trigger" ],
    "default_mods": "pistol_grip",
    "looks_like": "rm103a_pistol",
    "magazine_well": "250 ml",
    "magazines": [ [ "300", [ "m2010mag", "smc300mag" ] ] ]
  }
]
