[
  {
    "type": "effect_type",
    "id": "rad_tenths",
    "int_add_val": 1,
    "max_intensity": 9,
    "base_mods": {
      "h_mod_min": [-1],
      "h_mod_chance": [100]
    },
    "scaling_mods": {
      "h_mod_chance": [-10]
    }
  },
  {
    "type": "effect_type",
    "id": "rad_fives",
    "int_add_val": 1,
    "max_intensity": 5,
    "base_mods": {
      "h_mod_min": [1],
      "h_mod_chance": [-20]
    },
    "scaling_mods": {
      "h_mod_chance": [-2]
    }
  },
  {
    "type": "effect_type",
    "id": "infection_minor",
    "chance": 3,
    "name": ["Minor Inflammation"],
    "desc": ["Your wounds are inflammed, and hurt.  A stout immune system or proper dressing should help."],
    "resist_effects": ["took_flumed", "INFRESIST", "DISRESISTANT", "gauze"],
    "int_add_val": 1,
    "max_intensity": 7,
    "base_mods": {
      "speed_mod": [-2, -1],
      "pain_min": [0],
      "pain_max": [3, 2],
      "pain_max_val": [15],
      "pain_chance": [500, 900],
      "health_min": [-2, -1],
      "health_max": [1],
      "health_min_val": [-10],
      "health_max_val": [11],
      "health_chance": [1800]
    },
    "scaling_mods": {
      "speed_mod": [-1],
      "pain_max": [0.4, 0.2],
      "pain_max_val": [5],
      "pain_chance": [-50, -90],
      "health_min_val": [-4]
    }
  }
]
