[
  {
    "type": "overmap_special",
    "id": "hell_spire",
    "overmaps":
    [
      { "point":[0,0,0], "overmap": "hell_city_entranceNW_north"},
      { "point":[1,0,0], "overmap": "hell_city_entranceNE_north"},
      { "point":[0,1,0], "overmap": "hell_city_entranceSW_north"},
      { "point":[1,1,0], "overmap": "hell_city_entranceSE_north"},
      { "point":[0,0,-1], "overmap": "hell_city_tunnel_B1W_north"},
      { "point":[1,0,-1], "overmap": "hell_city_tunnel_B1E_north"},
      { "point":[0,0,-2], "overmap": "hell_city_tunnel_prison_N_north"},
      { "point":[0,1,-2], "overmap": "hell_city_tunnel_prison_S_north"},
      { "point":[1,0,-2], "overmap": "hell_city_tunnel_B2E_north"},
      { "point":[1,0,-3], "overmap": "hell_city_B3N_north"},
      { "point":[1,1,-3], "overmap": "hell_city_B3S_north"}
    ],
    "locations": [ "land" ],
    "city_distance": [-1, 4],
    "city_sizes": [4, 16],
    "occurrences": [0, 0],
    "rotate": false
  },{
    "type": "overmap_special",
    "id": "hell_castle",
    "overmaps":
    [
      { "point":[0,0,0], "overmap": "hell_castle_NW_north"},
      { "point":[1,0,0], "overmap": "hell_castle_N_north"},
      { "point":[2,0,0], "overmap": "hell_castle_NE_north"},
      { "point":[0,1,0], "overmap": "hell_castle_CW_north"},
      { "point":[1,1,0], "overmap": "hell_castle_C_north"},
      { "point":[2,1,0], "overmap": "hell_castle_CE_north"},
      { "point":[0,2,0], "overmap": "hell_castle_SW_north"},
      { "point":[1,2,0], "overmap": "hell_castle_S_north"},
      { "point":[2,2,0], "overmap": "hell_castle_SE_north"},
      { "point":[0,0,-1], "overmap": "hell_castle_B1_NW_north"},
      { "point":[1,0,-1], "overmap": "hell_castle_B1_N_north"},
      { "point":[2,0,-1], "overmap": "hell_castle_B1_NE_north"},
      { "point":[0,1,-1], "overmap": "hell_castle_B1_CW_north"},
      { "point":[1,1,-1], "overmap": "hell_castle_B1_C_north"},
      { "point":[2,1,-1], "overmap": "hell_castle_B1_CE_north"},
      { "point":[0,2,-1], "overmap": "hell_castle_B1_SW_north"},
      { "point":[1,2,-1], "overmap": "hell_castle_B1_S_north"},
      { "point":[2,2,-1], "overmap": "hell_castle_B1_SE_north"},
      { "point":[0,0,-2], "overmap": "hell_castle_B2_NW_north"},
      { "point":[1,0,-2], "overmap": "hell_castle_B2_N_north"},
      { "point":[2,0,-2], "overmap": "hell_castle_B2_NE_north"},
      { "point":[0,1,-2], "overmap": "hell_castle_B2_CW_north"},
      { "point":[1,1,-2], "overmap": "hell_castle_B2_C_north"},
      { "point":[2,1,-2], "overmap": "hell_castle_B2_CE_north"},
      { "point":[0,2,-2], "overmap": "hell_castle_B2_SW_north"},
      { "point":[1,2,-2], "overmap": "hell_castle_B2_S_north"},
      { "point":[2,2,-2], "overmap": "hell_castle_B2_SE_north"}
    ],
    "locations": [ "land" ],
    "city_distance": [2, 25],
    "city_sizes": [4, 16],
    "occurrences": [0, 0],
    "rotate": false
  },{
    "type": "overmap_special",
    "id": "doom_lab",
    "overmaps":
    [
      { "point":[0,0,0], "overmap": "forest"},
      { "point":[1,0,0], "overmap": "forest"},
      { "point":[2,0,0], "overmap": "doomlab_f00_20_north"},
      { "point":[3,0,0], "overmap": "forest"},
      { "point":[4,0,0], "overmap": "forest"},
      { "point":[0,1,0], "overmap": "forest"},
      { "point":[1,1,0], "overmap": "forest"},
      { "point":[2,1,0], "overmap": "forest"},
      { "point":[3,1,0], "overmap": "forest"},
      { "point":[4,1,0], "overmap": "forest"},
      { "point":[0,2,0], "overmap": "forest"},
      { "point":[1,2,0], "overmap": "forest"},
      { "point":[2,2,0], "overmap": "forest"},
      { "point":[3,2,0], "overmap": "forest"},
      { "point":[4,2,0], "overmap": "forest"},
      { "point":[0,3,0], "overmap": "forest"},
      { "point":[1,3,0], "overmap": "forest"},
      { "point":[2,3,0], "overmap": "forest"},
      { "point":[3,3,0], "overmap": "forest"},
      { "point":[4,3,0], "overmap": "forest"},
      { "point":[0,4,0], "overmap": "forest"},
      { "point":[1,4,0], "overmap": "forest"},
      { "point":[2,4,0], "overmap": "forest"},
      { "point":[3,4,0], "overmap": "forest"},
      { "point":[4,4,0], "overmap": "forest"},
      { "point":[0,0,-1], "overmap": "doomlab_lab_open_north"},
      { "point":[1,0,-1], "overmap": "doomlab_lab_open_north"},
      { "point":[2,0,-1], "overmap": "doomlab_f01_20_north" },
      { "point":[3,0,-1], "overmap": "doomlab_office_north"},
      { "point":[4,0,-1], "overmap": "doomlab_office_north"},
      { "point":[0,1,-1], "overmap": "doomlab_lab_open_north"},
      { "point":[1,1,-1], "overmap": "doomlab_lab_open_north"},
      { "point":[2,1,-1], "overmap": "doomlab_lab_open_north"},
      { "point":[3,1,-1], "overmap": "doomlab_office_north"},
      { "point":[4,1,-1], "overmap": "doomlab_office_north"},
      { "point":[0,2,-1], "overmap": "doomlab_dorm_north"},
      { "point":[1,2,-1], "overmap": "doomlab_lab_open_north"},
      { "point":[2,2,-1], "overmap": "doomlab_lab_open_north"},
      { "point":[3,2,-1], "overmap": "doomlab_office_north"},
      { "point":[4,2,-1], "overmap": "doomlab_office_north"},
      { "point":[0,3,-1], "overmap": "doomlab_office_north"},
      { "point":[1,3,-1], "overmap": "doomlab_lab_open_north"},
      { "point":[2,3,-1], "overmap": "doomlab_lab_open_north"},
      { "point":[3,3,-1], "overmap": "doomlab_dorm_north"},
      { "point":[4,3,-1], "overmap": "doomlab_dorm_north"},
      { "point":[0,4,-1], "overmap": "doomlab_stairs_north"},
      { "point":[1,4,-1], "overmap": "doomlab_dorm_north"},
      { "point":[2,4,-1], "overmap": "doomlab_comms_north"},
      { "point":[3,4,-1], "overmap": "doomlab_lab_open_north"},
      { "point":[4,4,-1], "overmap": "doomlab_stairs_north"},
      { "point":[-1,2,-1], "overmap": "doomlab_redacted_north"},
      { "point":[1,5,-1], "overmap": "doomlab_redacted_north"},
      { "point":[0,0,-2], "overmap": "doomlab_comms_north"},
      { "point":[1,0,-2], "overmap": "doomlab_lab_open_north"},
      { "point":[2,0,-2], "overmap": "doomlab_finale_north"},
      { "point":[3,0,-2], "overmap": "doomlab_lab_open_north"},
      { "point":[4,0,-2], "overmap": "doomlab_lab_open_north"},
      { "point":[0,1,-2], "overmap": "doomlab_dorm_north"},
      { "point":[1,1,-2], "overmap": "doomlab_dorm_north"},
      { "point":[2,1,-2], "overmap": "doomlab_dorm_north"},
      { "point":[3,1,-2], "overmap": "doomlab_lab_prm_north"},
      { "point":[4,1,-2], "overmap": "doomlab_lab_prm_north"},
      { "point":[0,2,-2], "overmap": "doomlab_redacted_north"},
      { "point":[1,2,-2], "overmap": "doomlab_lab_open_north"},
      { "point":[2,2,-2], "overmap": "doomlab_lab_prm_north"},
      { "point":[3,2,-2], "overmap": "doomlab_comms_north"},
      { "point":[4,2,-2], "overmap": "doomlab_lab_open_north"},
      { "point":[0,3,-2], "overmap": "doomlab_lab_prm_north"},
      { "point":[1,3,-2], "overmap": "doomlab_comms_north"},
      { "point":[2,3,-2], "overmap": "doomlab_lab_open_north"},
      { "point":[3,3,-2], "overmap": "doomlab_office_north"},
      { "point":[4,3,-2], "overmap": "doomlab_office_north"},
      { "point":[0,4,-2], "overmap": "doomlab_stairs_II_north"},
      { "point":[1,4,-2], "overmap": "doomlab_office_north"},
      { "point":[2,4,-2], "overmap": "doomlab_redacted_north"},
      { "point":[3,4,-2], "overmap": "doomlab_office_north"},
      { "point":[4,4,-2], "overmap": "doomlab_stairs_II_north"},
      { "point":[0,-1,-2], "overmap": "doomlab_redacted_north"},
      { "point":[1,-1,-2], "overmap": "doomlab_comms_north"},
      { "point":[2,-1,-2], "overmap": "doomlab_office_north"},
      { "point":[3,-1,-2], "overmap": "doomlab_lab_open_north"},
      { "point":[4,-1,-2], "overmap": "doomlab_redacted_north"},
      { "point":[2,5,-2], "overmap": "doomlab_redacted_north"},
      { "point":[2,0,-3], "overmap": "doomlab_finale_II_north"}
    ],
    "connections": [
    { "point": [2,-1,0], "connection": "local_road" }
    ],
    "locations": [ "forest", "swamp" ],
    "city_distance": [3, -1],
    "city_sizes": [4, 16],
    "occurrences": [0, 0],
    "rotate": true
  }
]
