[
  {
    "type": "MOD_INFO",
    "id": "PK_No_Creepys",
    "name": "PK - No creepy crawlers",
    "description": "Removes spider pits and other insect horrors from the game.",
    "category": "monster_exclude",
    "dependencies": [ "PK_REBALANCE" ],
    "path": ""
  },{
    "type": "MONSTER_BLACKLIST",
    "categories": [
        "GROUP_SPIDER",
        "GROUP_SPIDER_TRAP"
        
    ]
  },{
    "type": "MONSTER_BLACKLIST",
    "monsters": [
    "mon_maggot",
    "mon_tardigrade",
    "mon_spider_trapdoor_giant",
    "mon_spider_jumping_giant",
    "mon_spider_web_s",
    "mon_spider_web",
    "mon_spider_wolf_giant",
    "mon_spider_wolf_giant_pk",
    "mon_spider_web_queen",
    "mon_trapdoor_egg",
    "mon_trapdoor_queen",
    "mon_spider_trapdoor_giant_s",
    "mon_spider_trapdoor_giant_guardian",
    "mon_spider_trapdoor_giant_pk",
    "mon_spider_web_alpha",
    "mon_spider_web_omega",
    "mon_spider_web_mu",
    "mon_spider_jumping_giant_acid"
    ]
  }
]
