[
  {
    "name": "GROUP_PARK_SCENIC",
    "override": false,
    "auto_total": true,
    "type": "monstergroup",
    "default": "mon_null",
    "monsters": [
      { "monster": "dkz_mon_stray", "freq": 7, "cost_multiplier": 0, "pack_size": [ 1, 2 ] },
      { "monster": "dkz_mon_stray_child", "freq": 5, "cost_multiplier": 0 },
      { "monster": "dkz_mon_stray_heavy", "freq": 6, "cost_multiplier": 0, "pack_size": [ 0, 1 ] },
      { "monster": "dkz_mon_stray_big", "freq": 7, "cost_multiplier": 0, "pack_size": [ 1, 2 ] },
      { "monster": "dkz_mon_crystal_mite", "freq": 5, "cost_multiplier": 0, "starts": 120 },	  
      { "monster": "dkz_mon_stray_creepler", "freq": 6, "cost_multiplier": 0 }
    ]
  },
  {
    "name": "GROUP_PARK_PLAYGROUND",
    "override": false,
    "auto_total": true,
    "type": "monstergroup",
    "default": "mon_null",
    "monsters": [
      { "monster": "dkz_mon_stray_child", "freq": 10, "cost_multiplier": 0 },
      { "monster": "dkz_mon_stray", "freq": 7, "cost_multiplier": 0, "pack_size": [ 3, 5 ] },
      { "monster": "dkz_mon_stray_heavy", "freq": 5, "cost_multiplier": 0 },
      { "monster": "dkz_mon_crystal_mite", "freq": 5, "cost_multiplier": 0, "starts": 120 },	  
      { "monster": "dkz_mon_stray_creepler", "freq": 6, "cost_multiplier": 0 }
    ]
  },
  {
    "name": "GROUP_PARK_DOG",
    "override": false,
    "auto_total": true,
    "type": "monstergroup",
    "default": "mon_null",
    "monsters": [
      { "monster": "dkz_mon_stray", "freq": 8, "cost_multiplier": 0, "pack_size": [ 1, 2 ] },
      { "monster": "dkz_mon_stray_creepler", "freq": 15, "cost_multiplier": 0, "pack_size": [ 1, 3 ] },
      { "monster": "dkz_mon_stray_heavy", "freq": 6, "cost_multiplier": 0 },
      { "monster": "dkz_mon_stray_big", "freq": 5, "cost_multiplier": 0, "pack_size": [ 1, 2 ] }
    ]
  },
  {
    "type": "monstergroup",
    "name": "GROUP_ZOMBIE",
    "override": false,
    "auto_total": true,
    "default": "mon_null",
    "monsters": [
      { "monster": "dkz_mon_stray", "freq": 6, "cost_multiplier": 0, "pack_size": [ 1, 5 ] },
      { "monster": "dkz_mon_stray_big", "freq": 5, "cost_multiplier": 0 },
      { "monster": "dkz_mon_stray_heavy", "freq": 3, "cost_multiplier": 0 },
      { "monster": "dkz_mon_stray_child", "freq": 3, "cost_multiplier": 0 },
      { "monster": "dkz_mon_stray_creepler", "freq": 3, "cost_multiplier": 2, "pack_size": [ 1, 3 ] },
      { "monster": "dkz_mon_stray_fireman", "freq": 2, "cost_multiplier": 0, "pack_size": [ 1, 3 ] },
      { "monster": "dkz_mon_stray_soldier", "freq": 1, "cost_multiplier": 0, "pack_size": [ 1, 2 ] },
      { "monster": "dkz_mon_stray_cop", "freq": 1, "cost_multiplier": 2 },
      { "monster": "dkz_mon_stray_crackle", "freq": 3, "cost_multiplier": 3, "pack_size": [ 1, 2 ] },
      { "monster": "dkz_mon_stray_heavy", "freq": 5, "cost_multiplier": 0 },
      { "monster": "dkz_mon_crystal_mite", "freq": 5, "cost_multiplier": 0, "starts": 120 },	  
      { "monster": "dkz_mon_crystal_mite", "freq": 2, "cost_multiplier": 25, "starts": 720 },
      { "monster": "dkz_mon_crystal_mite", "freq": 5, "cost_multiplier": 25, "pack_size": [ 1, 3 ], "starts": 800 },
      { "monster": "dkz_mon_crystal_hive", "freq": 2, "cost_multiplier": 25, "starts": 900 }
    ]
  },
  {
    "type": "monstergroup",
    "name": "GROUP_VANILLA",
    "override": false,
    "auto_total": true,
    "default": "mon_null",
    "monsters": [
      { "monster": "dkz_mon_stray", "freq": 6, "cost_multiplier": 0, "pack_size": [ 1, 6 ] },
      { "monster": "dkz_mon_stray_big", "freq": 2, "cost_multiplier": 0, "pack_size": [ 1, 2 ] },
      { "monster": "dkz_mon_stray_child", "freq": 2, "cost_multiplier": 0, "pack_size": [ 1, 2 ] },
      { "monster": "dkz_mon_stray_heavy", "freq": 2, "cost_multiplier": 0, "pack_size": [ 1, 2 ] },
      { "monster": "dkz_mon_crystal_mite", "freq": 5, "cost_multiplier": 25 },
      { "monster": "dkz_mon_stray_creepler", "freq": 7, "cost_multiplier": 0, "pack_size": [ 1, 6 ] }
    ]
  },
  {
    "type": "monstergroup",
    "name": "GROUP_POLICE",
    "override": false,
    "auto_total": true,
    "default": "mon_null",
    "monsters": [
      { "monster": "dkz_mon_stray", "freq": 7, "cost_multiplier": 0, "pack_size": [ 2, 5 ] },
      { "monster": "dkz_mon_stray_big", "freq": 5, "cost_multiplier": 0 },
      { "monster": "dkz_mon_stray_child", "freq": 2, "cost_multiplier": 0 },
      { "monster": "dkz_mon_stray_heavy", "freq": 2, "cost_multiplier": 0 },
      { "monster": "dkz_mon_stray_cop", "freq": 15, "cost_multiplier": 0 },
      { "monster": "dkz_mon_stray_cop", "freq": 15, "cost_multiplier": 0, "pack_size": [ 1, 6 ] },
      { "monster": "dkz_mon_stray_fireman", "freq": 5, "cost_multiplier": 0 },
      { "monster": "dkz_mon_stray_creepler", "freq": 1, "cost_multiplier": 0 },
      { "monster": "dkz_mon_stray_crackle", "freq": 2, "cost_multiplier": 0 },
      { "monster": "dkz_mon_crystal_mite", "freq": 2, "cost_multiplier": 25, "starts": 720 },
      { "monster": "dkz_mon_crystal_mite", "freq": 5, "cost_multiplier": 25, "pack_size": [ 1, 3 ], "starts": 800 },
      { "monster": "dkz_mon_crystal_hive", "freq": 2, "cost_multiplier": 25, "starts": 900 }
    ]
  },
  {
    "type": "monstergroup",
    "name": "GROUP_HOUSE",
    "override": false,
    "auto_total": true,
    "default": "mon_null",
    "monsters": [
      { "monster": "dkz_mon_stray", "freq": 15, "cost_multiplier": 0, "pack_size": [ 1, 5 ] },
      { "monster": "dkz_mon_stray_big", "freq": 5, "cost_multiplier": 0, "pack_size": [ 1, 3 ] },
      { "monster": "dkz_mon_stray_heavy", "freq": 15, "cost_multiplier": 0 },
      { "monster": "dkz_mon_stray_child", "freq": 5, "cost_multiplier": 0 },
      { "monster": "dkz_mon_stray_cop", "freq": 5, "cost_multiplier": 0 },
      { "monster": "dkz_mon_stray_cop", "freq": 3, "cost_multiplier": 0, "pack_size": [ 0, 2 ] },
      { "monster": "dkz_mon_stray_fireman", "freq": 3, "cost_multiplier": 0 },
      { "monster": "dkz_mon_stray_fireman", "freq": 1, "cost_multiplier": 0 },
      { "monster": "dkz_mon_stray_creepler", "freq": 5, "cost_multiplier": 0 },
      { "monster": "dkz_mon_stray_creepler", "freq": 5, "cost_multiplier": 0, "pack_size": [ 1, 3 ] },
      { "monster": "dkz_mon_stray_crackle", "freq": 3, "cost_multiplier": 0 },
      { "monster": "dkz_mon_crystal_mite", "freq": 3, "cost_multiplier": 25, "starts": 720 },
      { "monster": "dkz_mon_crystal_mite", "freq": 5, "cost_multiplier": 25, "pack_size": [ 1, 3 ], "starts": 800 },
      { "monster": "dkz_mon_crystal_hive", "freq": 2, "cost_multiplier": 25, "starts": 900 }
    ]
  },
  {
    "type": "monstergroup",
    "name": "GROUP_PREPPER_HOUSE",
    "override": false,
    "auto_total": true,
    "default": "mon_null",
    "monsters": [
      { "monster": "dkz_mon_stray_heavy", "freq": 5, "cost_multiplier": 0 },
      { "monster": "dkz_mon_stray_soldier", "freq": 3, "cost_multiplier": 0, "pack_size": [ 1, 3 ] },
      { "monster": "dkz_mon_crystal_mite", "freq": 3, "cost_multiplier": 25, "starts": 720 },
      { "monster": "dkz_mon_crystal_mite", "freq": 5, "cost_multiplier": 25, "pack_size": [ 1, 3 ], "starts": 800 },
      { "monster": "dkz_mon_crystal_hive", "freq": 1, "cost_multiplier": 25, "starts": 900 }
    ]
  },
  {
    "type": "monstergroup",
    "name": "GROUP_MIL_BASE",
    "override": false,
    "auto_total": true,
    "default": "mon_null",
    "monsters": [
      { "monster": "dkz_mon_stray", "freq": 6, "cost_multiplier": 0 },
      { "monster": "dkz_mon_stray_cop", "freq": 11, "cost_multiplier": 0, "pack_size": [ 1, 2 ] },
      { "monster": "dkz_mon_stray_big", "freq": 5, "cost_multiplier": 0, "pack_size": [ 1, 3 ] },
      { "monster": "dkz_mon_stray_heavy", "freq": 5, "cost_multiplier": 0, "pack_size": [ 1, 2 ] },
      { "monster": "dkz_mon_stray_eater", "freq": 5, "cost_multiplier": 0, "pack_size": [ 1, 2 ] },
      { "monster": "dkz_mon_stray_soldier", "freq": 20, "cost_multiplier": 0, "pack_size": [ 1, 3 ] },
      { "monster": "dkz_mon_stray_soldier", "freq": 20, "cost_multiplier": 0 },
      { "monster": "dkz_mon_stray_creepler", "freq": 15, "cost_multiplier": 0, "pack_size": [ 1, 3 ] },
      { "monster": "dkz_mon_stray_crackle", "freq": 7, "cost_multiplier": 5, "pack_size": [ 1, 2 ] },
      { "monster": "dkz_mon_crystal_mite", "freq": 3, "cost_multiplier": 25, "starts": 720 },
      { "monster": "dkz_mon_crystal_mite", "freq": 5, "cost_multiplier": 25, "pack_size": [ 1, 3 ], "starts": 800 },
      { "monster": "dkz_mon_crystal_hive", "freq": 1, "cost_multiplier": 25, "starts": 900 }
    ]
  },
  {
    "type": "monstergroup",
    "name": "GROUP_PHARM",
    "override": false,
    "auto_total": true,
    "default": "mon_null",
    "monsters": [
      { "monster": "dkz_mon_stray", "freq": 7, "cost_multiplier": 0, "pack_size": [ 1, 3 ] },
      { "monster": "dkz_mon_stray_big", "freq": 5, "cost_multiplier": 0 },
      { "monster": "dkz_mon_stray_heavy", "freq": 5, "cost_multiplier": 0 },
      { "monster": "dkz_mon_stray_child", "freq": 5, "cost_multiplier": 0 },
      { "monster": "dkz_mon_stray_cop", "freq": 2, "cost_multiplier": 0, "pack_size": [ 2, 3 ] },
      { "monster": "dkz_mon_stray_fireman", "freq": 2, "cost_multiplier": 0 },
      { "monster": "dkz_mon_stray_creepler", "freq": 5, "cost_multiplier": 0, "pack_size": [ 1, 3 ] },
      { "monster": "dkz_mon_stray_crackle", "freq": 7, "cost_multiplier": 0 },
      { "monster": "dkz_mon_crystal_mite", "freq": 3, "cost_multiplier": 25, "starts": 720 },
      { "monster": "dkz_mon_crystal_mite", "freq": 5, "cost_multiplier": 25, "pack_size": [ 1, 3 ], "starts": 800 },
      { "monster": "dkz_mon_crystal_hive", "freq": 2, "cost_multiplier": 25, "starts": 900 }
    ]
  },
  {
    "type": "monstergroup",
    "name": "GROUP_ELECTRO",
    "override": false,
    "auto_total": true,
    "default": "mon_null",
    "monsters": [
      { "monster": "dkz_mon_stray", "freq": 5, "cost_multiplier": 0, "pack_size": [ 1, 3 ] },
      { "monster": "dkz_mon_stray_big", "freq": 5, "cost_multiplier": 0 },
      { "monster": "dkz_mon_stray_heavy", "freq": 5, "cost_multiplier": 0 },
      { "monster": "dkz_mon_stray_child", "freq": 5, "cost_multiplier": 0 },
      { "monster": "dkz_mon_stray_cop", "freq": 5, "cost_multiplier": 0 },
      { "monster": "dkz_mon_stray_fireman", "freq": 2, "cost_multiplier": 0, "pack_size": [ 1, 4 ] },
      { "monster": "dkz_mon_stray_creepler", "freq": 7, "cost_multiplier": 0 },
      { "monster": "dkz_mon_stray_crackle", "freq": 15, "cost_multiplier": 1, "pack_size": [ 1, 3 ] },
      { "monster": "dkz_mon_crystal_mite", "freq": 3, "cost_multiplier": 25, "starts": 720 },
      { "monster": "dkz_mon_crystal_mite", "freq": 5, "cost_multiplier": 25, "pack_size": [ 1, 3 ], "starts": 800 },
      { "monster": "dkz_mon_crystal_hive", "freq": 2, "cost_multiplier": 25, "starts": 900 }
    ]
  },
  {
    "type": "monstergroup",
    "name": "GROUP_GROCERY",
    "override": false,
    "auto_total": true,
    "default": "mon_null",
    "monsters": [
      { "monster": "dkz_mon_stray", "freq": 5, "cost_multiplier": 0, "pack_size": [ 1, 3 ] },
      { "monster": "dkz_mon_stray_big", "freq": 5, "cost_multiplier": 0 },
      { "monster": "dkz_mon_stray_heavy", "freq": 7, "cost_multiplier": 0 },
      { "monster": "dkz_mon_stray_child", "freq": 7, "cost_multiplier": 0 },
      { "monster": "dkz_mon_stray_cop", "freq": 2, "cost_multiplier": 0, "pack_size": [ 2, 3 ] },
      { "monster": "dkz_mon_stray_fireman", "freq": 5, "cost_multiplier": 0 },
      { "monster": "dkz_mon_stray_creepler", "freq": 5, "cost_multiplier": 0 },
      { "monster": "dkz_mon_stray_crackle", "freq": 7, "cost_multiplier": 0 },
      { "monster": "dkz_mon_crystal_mite", "freq": 3, "cost_multiplier": 25, "starts": 720 },
      { "monster": "dkz_mon_crystal_mite", "freq": 5, "cost_multiplier": 25, "pack_size": [ 1, 3 ], "starts": 800 },
      { "monster": "dkz_mon_crystal_hive", "freq": 2, "cost_multiplier": 25, "starts": 900 }
    ]
  },
  {
    "type": "monstergroup",
    "name": "GROUP_PUBLICWORKERS",
    "override": false,
    "auto_total": true,
    "default": "mon_null",
    "monsters": [
      { "monster": "dkz_mon_stray", "freq": 5, "cost_multiplier": 0 },
      { "monster": "dkz_mon_stray_big", "freq": 5, "cost_multiplier": 0 },
      { "monster": "dkz_mon_stray_child", "freq": 3, "cost_multiplier": 0 },
      { "monster": "dkz_mon_stray_creepler", "freq": 3, "cost_multiplier": 0 },
      { "monster": "dkz_mon_stray_crackle", "freq": 5, "cost_multiplier": 0 }
    ]
  },
  {
    "type": "monstergroup",
    "name": "GROUP_MAYBE_ZOMBIE",
    "override": false,
    "auto_total": true,
    "default": "mon_null",
    "monsters": [
      { "monster": "dkz_mon_stray", "freq": 10, "cost_multiplier": 0, "pack_size": [ 1, 3 ] },
      { "monster": "dkz_mon_stray_big", "freq": 5, "cost_multiplier": 0 },
      { "monster": "dkz_mon_stray_heavy", "freq": 3, "cost_multiplier": 0, "pack_size": [ 1, 3 ] },
      { "monster": "dkz_mon_stray_creepler", "freq": 5, "cost_multiplier": 0, "pack_size": [ 1, 3 ] },
      { "monster": "dkz_mon_stray_child", "freq": 2, "cost_multiplier": 0 }
    ]
  },
  {
    "type": "monstergroup",
    "name": "GROUP_ZOMBIE_FAT_BASE",
    "override": false,
    "auto_total": true,
    "default": "mon_null",
    "monsters": [ { "monster": "dkz_mon_stray_big", "freq": 10, "cost_multiplier": 0, "pack_size": [ 3, 5 ] } ]
  },
  {
    "type": "monstergroup",
    "name": "GROUP_ZOMBIE_FAT",
    "override": false,
    "auto_total": true,
    "default": "mon_null",
    "monsters": [
      { "monster": "dkz_mon_stray_eater", "freq": 5, "cost_multiplier": 0, "pack_size": [ 1, 3 ] },
      { "monster": "dkz_mon_stray_big", "freq": 10, "cost_multiplier": 20, "pack_size": [ 1, 3 ] }
    ]
  },
  {
    "type": "monstergroup",
    "name": "GROUP_ZOMBIE_GRAB",
    "override": false,
    "auto_total": true,
    "default": "mon_null",
    "monsters": [
      { "monster": "dkz_mon_stray_wretch", "freq": 10, "cost_multiplier": 0 },
      { "monster": "dkz_mon_stray_wretch_tendrils", "freq": 10, "cost_multiplier": 0 }
    ]
  },
  {
    "type": "monstergroup",
    "name": "GROUP_SCHOOL",
    "override": false,
    "auto_total": true,
    "default": "dkz_mon_stray_child",
    "//": "School monster spawns.",
    "monsters": [
      { "monster": "dkz_mon_stray_child", "freq": 15, "cost_multiplier": 0, "pack_size": [ 7, 15 ] },
      { "monster": "dkz_mon_stray_big", "freq": 2, "cost_multiplier": 0, "pack_size": [ 1, 2 ] },
      { "monster": "dkz_mon_stray_heavy", "freq": 2, "cost_multiplier": 0 },
      { "monster": "dkz_mon_stray", "freq": 2, "cost_multiplier": 0, "pack_size": [ 3, 5 ] },
      { "monster": "dkz_mon_crystal_mite", "freq": 5, "cost_multiplier": 25, "starts": 720 },
      { "monster": "dkz_mon_crystal_mite", "freq": 5, "cost_multiplier": 25, "pack_size": [ 1, 3 ], "starts": 800 },
      { "monster": "dkz_mon_crystal_hive", "freq": 2, "cost_multiplier": 25, "starts": 900 }
    ]
  },
  {
    "type": "monstergroup",
    "name": "GROUP_SMALL_STATION",
    "override": false,
    "auto_total": true,
    "default": "mon_null",
    "monsters": [
      { "monster": "dkz_mon_stray", "freq": 2, "cost_multiplier": 4, "pack_size": [ 1, 2 ] },
      { "monster": "dkz_mon_stray_heavy", "freq": 2, "cost_multiplier": 5 },
      { "monster": "dkz_mon_stray_crackle", "freq": 7, "cost_multiplier": 0, "pack_size": [ 1, 3 ] }
    ]
  },
  {
    "type": "monstergroup",
    "name": "GROUP_LARGE_STATION",
    "override": false,
    "auto_total": true,
    "default": "mon_null",
    "monsters": [
      { "monster": "dkz_mon_stray_heavy", "freq": 2, "cost_multiplier": 0, "pack_size": [ 1, 2 ] },
      { "monster": "dkz_mon_stray", "freq": 5, "cost_multiplier": 0, "pack_size": [ 1, 3 ] },
      { "monster": "dkz_mon_stray_crackle", "freq": 6, "cost_multiplier": 0, "pack_size": [ 1, 3 ] }
    ]
  },
  {
    "type": "monstergroup",
    "name": "GROUP_CHURCH_ZOMBIE",
    "override": false,
    "auto_total": true,
    "default": "mon_null",
    "monsters": [
      { "monster": "dkz_mon_stray", "freq": 7, "cost_multiplier": 0, "pack_size": [ 7, 15 ] },
      { "monster": "dkz_mon_stray_big", "freq": 1, "cost_multiplier": 0, "pack_size": [ 1, 3 ] },
      { "monster": "dkz_mon_stray_heavy", "freq": 6, "cost_multiplier": 0 },
      { "monster": "dkz_mon_stray_child", "freq": 6, "cost_multiplier": 0 },
      { "monster": "dkz_mon_crystal_mite", "freq": 3, "cost_multiplier": 0, "starts": 720 },
      { "monster": "dkz_mon_crystal_mite", "freq": 5, "cost_multiplier": 0, "pack_size": [ 1, 3 ], "starts": 800 },
      { "monster": "dkz_mon_crystal_hive", "freq": 2, "cost_multiplier": 0, "starts": 900 }
    ]
  },
  {
    "type": "monstergroup",
    "name": "GROUP_ZOMBIE_PRISON",
    "override": false,
    "auto_total": true,
    "default": "mon_null",
    "monsters": [
      { "monster": "dkz_mon_stray", "freq": 35, "cost_multiplier": 0, "pack_size": [ 1, 3 ] },
      { "monster": "dkz_mon_stray_big", "freq": 33, "cost_multiplier": 0, "pack_size": [ 1, 3 ] },
      { "monster": "dkz_mon_stray_cop", "freq": 60, "cost_multiplier": 0, "pack_size": [ 1, 3 ] },
      { "monster": "dkz_mon_stray_crackle", "freq": 7, "cost_multiplier": 0 }
    ]
  },
  {
    "type": "monstergroup",
    "name": "GROUP_ZOMBIE_COP",
    "override": false,
    "auto_total": true,
    "default": "mon_null",
    "monsters": [
      { "monster": "dkz_mon_stray_cop", "freq": 15, "cost_multiplier": 0, "pack_size": [ 0, 3 ] },
      { "monster": "dkz_mon_stray", "freq": 5, "cost_multiplier": 1, "pack_size": [ 1, 2 ] }
    ]
  },
  {
    "type": "monstergroup",
    "name": "GROUP_HOSPITAL",
    "override": false,
    "auto_total": true,
    "default": "mon_null",
    "monsters": [
      { "monster": "dkz_mon_stray", "freq": 5, "cost_multiplier": 0, "pack_size": [ 3, 5 ] },
      { "monster": "dkz_mon_stray_big", "freq": 2, "cost_multiplier": 0 },
      { "monster": "dkz_mon_stray_heavy", "freq": 2, "cost_multiplier": 0 },
      { "monster": "dkz_mon_stray_child", "freq": 2, "cost_multiplier": 0 },
      { "monster": "dkz_mon_stray_creepler", "freq": 5, "cost_multiplier": 0 },
      { "monster": "dkz_mon_stray_creepler", "freq": 5, "cost_multiplier": 2, "pack_size": [ 1, 3 ] },
      { "monster": "dkz_mon_stray_fireman", "freq": 3, "cost_multiplier": 0 },
      { "monster": "dkz_mon_stray_soldier", "freq": 2, "cost_multiplier": 0 },
      { "monster": "dkz_mon_stray_cop", "freq": 3, "cost_multiplier": 0 },
      { "monster": "dkz_mon_stray_cop", "freq": 2, "cost_multiplier": 0, "pack_size": [ 1, 3 ] },
      { "monster": "dkz_mon_stray_crackle", "freq": 3, "cost_multiplier": 0 },
      { "monster": "dkz_mon_stray_heavy", "freq": 5, "cost_multiplier": 0, "pack_size": [ 1, 3 ] },
      { "monster": "dkz_mon_crystal_mite", "freq": 2, "cost_multiplier": 0, "starts": 1440 },
      { "monster": "dkz_mon_crystal_hive", "freq": 1, "cost_multiplier": 0, "starts": 1440 },
      { "monster": "dkz_mon_crystal_mite", "freq": 3, "cost_multiplier": 0, "pack_size": [ 1, 3 ], "starts": 1660 }
    ]
  },
  {
    "type": "monstergroup",
    "name": "GROUP_STEEL_MILL",
    "override": false,
    "auto_total": true,
    "default": "mon_null",
    "//": "Steel mill monster spawns.",
    "monsters": [
      { "monster": "dkz_mon_stray", "freq": 6, "cost_multiplier": 0, "pack_size": [ 1, 3 ] },
      { "monster": "dkz_mon_stray_big", "freq": 5, "cost_multiplier": 0, "pack_size": [ 1, 3 ] },
      { "monster": "dkz_mon_stray_heavy", "freq": 5, "cost_multiplier": 0, "pack_size": [ 1, 2 ] },
      { "monster": "dkz_mon_stray_child", "freq": 5, "cost_multiplier": 0 },
      { "monster": "dkz_mon_stray_creepler", "freq": 3, "cost_multiplier": 0 },
      { "monster": "dkz_mon_stray_creepler", "freq": 2, "cost_multiplier": 0, "pack_size": [ 1, 3 ] },
      { "monster": "dkz_mon_stray_fireman", "freq": 3, "cost_multiplier": 0 },
      { "monster": "dkz_mon_stray_soldier", "freq": 2, "cost_multiplier": 0 },
      { "monster": "dkz_mon_stray_cop", "freq": 3, "cost_multiplier": 0 },
      { "monster": "dkz_mon_stray_cop", "freq": 2, "cost_multiplier": 0 },
      { "monster": "dkz_mon_stray_crackle", "freq": 3, "cost_multiplier": 0 },
      { "monster": "dkz_mon_stray_heavy", "freq": 5, "cost_multiplier": 0 },
      { "monster": "dkz_mon_crystal_mite", "freq": 2, "cost_multiplier": 0, "starts": 1440 },
      { "monster": "dkz_mon_crystal_hive", "freq": 1, "cost_multiplier": 0, "starts": 1440 },
      { "monster": "dkz_mon_crystal_mite", "freq": 3, "cost_multiplier": 0, "pack_size": [ 1, 3 ], "starts": 1660 }
    ]
  },
  {
    "name": "GROUP_MALL",
    "override": false,
    "auto_total": true,
    "type": "monstergroup",
    "default": "mon_null",
    "monsters": [
      { "monster": "dkz_mon_stray", "freq": 15, "cost_multiplier": 0, "pack_size": [ 1, 3 ] },
      { "monster": "dkz_mon_stray_big", "freq": 7, "cost_multiplier": 0, "pack_size": [ 1, 2 ] },
      { "monster": "dkz_mon_stray_fireman", "freq": 3, "cost_multiplier": 0, "pack_size": [ 1, 2 ] },
      { "monster": "dkz_mon_stray_cop", "freq": 5, "cost_multiplier": 0, "pack_size": [ 1, 2 ] },
      { "monster": "dkz_mon_stray_child", "freq": 5, "cost_multiplier": 0 },
      { "monster": "dkz_mon_crystal_mite", "freq": 7, "cost_multiplier": 0, "starts": 1440 },
      { "monster": "dkz_mon_crystal_hive", "freq": 9, "cost_multiplier": 0, "starts": 1440 },
      { "monster": "dkz_mon_crystal_mite", "freq": 7, "cost_multiplier": 0, "pack_size": [ 1, 3 ], "starts": 1660 }
    ]
  },
  {
    "type": "monstergroup",
    "name": "GROUP_ZOMBIE_SEXSHOP_A",
    "override": false,
    "auto_total": true,
    "default": "mon_null",
    "monsters": [
      { "monster": "dkz_mon_stray_cop", "freq": 5, "cost_multiplier": 0, "pack_size": [ 1, 2 ] },
      { "monster": "dkz_mon_stray", "freq": 2, "cost_multiplier": 0 }
    ]
  },
  {
    "type": "monstergroup",
    "name": "GROUP_ZOMBIE_SEXSHOP_B",
    "override": false,
    "auto_total": true,
    "default": "mon_null",
    "monsters": [ { "monster": "dkz_mon_stray_big", "freq": 15, "cost_multiplier": 0 } ]
  },
  {
    "name": "GROUP_FIRE",
    "override": false,
    "auto_total": true,
    "type": "monstergroup",
    "default": "mon_null",
    "monsters": [
      { "monster": "dkz_mon_stray_cop", "freq": 15, "cost_multiplier": 0, "pack_size": [ 1, 2 ] },
      { "monster": "dkz_mon_stray_fireman", "freq": 20, "cost_multiplier": 0, "pack_size": [ 1, 3 ] },
      { "monster": "dkz_mon_stray", "freq": 10, "cost_multiplier": 0 }
    ]
  },
  {
    "name": "GROUP_PLAIN",
    "override": false,
    "auto_total": true,
    "type": "monstergroup",
    "default": "mon_null",
    "monsters": [ { "monster": "dkz_mon_stray", "freq": 10, "cost_multiplier": 0, "pack_size": [ 1, 3 ] } ]
  },
  {
    "name": "GROUP_HOTEL_POOL",
    "override": false,
    "auto_total": true,
    "type": "monstergroup",
    "default": "mon_null",
    "monsters": [
      { "monster": "dkz_mon_stray", "freq": 15, "cost_multiplier": 0, "pack_size": [ 3, 5 ] },
      { "monster": "dkz_mon_stray_child", "freq": 7, "cost_multiplier": 0 }
    ]
  },
  {
    "name": "GROUP_HOTEL_GYM",
    "override": false,
    "auto_total": true,
    "type": "monstergroup",
    "default": "mon_null",
    "monsters": [
      { "monster": "dkz_mon_stray_big", "freq": 5, "cost_multiplier": 0, "pack_size": [ 1, 3 ] },
      { "monster": "dkz_mon_stray_heavy", "freq": 2, "cost_multiplier": 0 }
    ]
  },
  {
    "name": "GROUP_POOL_NOKIDS",
    "override": false,
    "auto_total": true,
    "type": "monstergroup",
    "default": "mon_null",
    "monsters": [
      { "monster": "dkz_mon_stray_heavy", "freq": 25, "cost_multiplier": 0 },
      { "monster": "dkz_mon_stray", "freq": 15, "cost_multiplier": 0, "pack_size": [ 1, 3 ] }
    ]
  }
]
