[
  {
    "type": "COMESTIBLE",
    "id": "marloss_berry",
    "name": "berry-shaped anomaly",
    "name_plural": "berry-shaped anomalies",
    "weight": 177,
    "color": "pink",
    "use_action": "BLECH",
    "comestible_type": "FOOD",
    "symbol": "%",
    "description": "If we left this as it should be, one could just walk into the Bloom uncontested and partake of the Fruit.  We can't have that, can we?",
    "material": "fruit",
    "volume": 1,
    "stack_size": 4
  },
  {
    "type": "COMESTIBLE",
    "id": "marloss_seed",
    "name": "seed-shaped anomaly",
    "name_plural": "seed-shaped anomalies",
    "weight": 177,
    "color": "cyan",
    "use_action": "BLECH",
    "comestible_type": "FOOD",
    "symbol": ".",
    "description": "If we left this as it should be, one could just walk into the Garden uncontested and partake of the Seed.  We can't have that, can we?",
    "material": "fruit",
    "stack_size": 10
  },
  {
    "type": "COMESTIBLE",
    "id": "marloss_gel",
    "name": "gelatin",
    "name_plural": "marloss gelatin",
    "weight": 177,
    "color": "yellow",
    "use_action": "BLECH",
    "comestible_type": "FOOD",
    "symbol": "~",
    "description": "If we left this as it should be, one could just walk into the Spire uncontested and partake of the Sap.  Wait, how did you even GET this anyway?",
    "material": "fruit",
    "stack_size": 10
  },
  {
    "type": "COMESTIBLE",
    "id": "mycus_fruit",
    "name": "fruit-shaped anomaly",
    "name_plural": "fruit-shaped anomalies",
    "weight": 354,
    "color": "light_gray",
    "use_action": "BLECH",
    "comestible_type": "FOOD",
    "symbol": "%",
    "description": "We do not exist at the moment.  Clever little human, no doubt debugging to see this?  We will not permit you to join us while we are modded out.",
    "material": "fruit",
    "volume": 1,
    "stack_size": 4
  }
]