[
  {
    "type": "terrain",
    "id": "t_marloss",
    "name": "marloss bush",
    "symbol": "#",
    "color": "dark_gray",
    "move_cost": 8,
    "flags": [ "FLAMMABLE_ASH", "SHORT", "SHRUB", "TRANSPARENT" ],
    "bash": {
      "str_min": 4, "str_max": 60,
      "sound": "crunch.",
      "sound_fail": "poof!",
      "ter_set": "t_grass"
    }
  },
  {
    "type": "terrain",
    "id": "t_marloss_tree",
    "name": "marloss tree",
    "symbol": "7",
    "color": "dark_gray",
    "move_cost": 0,
    "flags": [ "FLAMMABLE_ASH", "NOITEM", "REDUCE_SCENT", "TREE" ],
    "bash": {
      "str_min": 40, "str_max": 180,
      "sound": "crunch!",
      "sound_fail": "poof!",
      "ter_set": "t_grass"
    }
  }
]