[
  {
    "name": "GROUP_PARK_SCENIC",
    "type": "monstergroup",
    "default": "mon_null",
    "monsters": [
      { "monster": "dkz_mon_stray", "freq": 30, "cost_multiplier": 0, "pack_size": [ 1, 2 ] },
      { "monster": "dkz_mon_stray_child", "freq": 20, "cost_multiplier": 0, "pack_size": [ 1, 3 ] },
      { "monster": "dkz_mon_stray_heavy", "freq": 25, "cost_multiplier": 0, "pack_size": [ 0, 1 ] },
      { "monster": "dkz_mon_stray_big", "freq": 30, "cost_multiplier": 0, "pack_size": [ 1, 2 ] },
      { "monster": "dkz_mon_stray_creepler", "freq": 25, "cost_multiplier": 0, "pack_size": [ 1, 3 ] }
    ]
  },
  {
    "name": "GROUP_PARK_PLAYGROUND",
    "type": "monstergroup",
    "default": "mon_null",
    "monsters": [
      { "monster": "dkz_mon_stray_child", "freq": 40, "cost_multiplier": 0, "pack_size": [ 2, 6 ] },
      { "monster": "dkz_mon_stray", "freq": 30, "cost_multiplier": 0, "pack_size": [ 2, 6 ] },
      { "monster": "dkz_mon_stray_heavy", "freq": 20, "cost_multiplier": 0 },
      { "monster": "dkz_mon_stray_creepler", "freq": 25, "cost_multiplier": 0, "pack_size": [ 1, 3 ] }
    ]
  },
  {
    "name": "GROUP_PARK_DOG",
    "type": "monstergroup",
    "default": "mon_null",
    "monsters": [
      { "monster": "dkz_mon_stray", "freq": 35, "cost_multiplier": 0, "pack_size": [ 1, 2 ] },
      { "monster": "dkz_mon_stray_creepler", "freq": 55, "cost_multiplier": 0, "pack_size": [ 2, 6 ] },
      { "monster": "dkz_mon_stray_heavy", "freq": 25, "cost_multiplier": 0, "pack_size": [ 1, 2 ] },
      { "monster": "dkz_mon_stray_big", "freq": 20, "cost_multiplier": 0, "pack_size": [ 1, 2 ] }
    ]
  },
  {
    "type": "monstergroup",
    "name": "GROUP_ZOMBIE",
    "default": "mon_null",
    "monsters": [
      { "monster": "dkz_mon_stray", "freq": 25, "cost_multiplier": 0, "pack_size": [ 2, 6 ] },
      { "monster": "dkz_mon_stray_big", "freq": 20, "cost_multiplier": 0, "pack_size": [ 1, 2 ] },
      { "monster": "dkz_mon_stray_heavy", "freq": 15, "cost_multiplier": 0, "pack_size": [ 1, 2 ] },
      { "monster": "dkz_mon_stray_child", "freq": 15, "cost_multiplier": 0, "pack_size": [ 2, 4 ] },
      { "monster": "dkz_mon_stray_creepler", "freq": 25, "cost_multiplier": 2, "pack_size": [ 2, 4 ] },
      { "monster": "dkz_mon_stray_fireman", "freq": 8, "cost_multiplier": 0, "pack_size": [ 1, 3 ] },
      { "monster": "dkz_mon_stray_soldier", "freq": 1, "cost_multiplier": 0, "pack_size": [ 1, 2 ] },
      { "monster": "dkz_mon_stray_cop", "freq": 5, "cost_multiplier": 2, "pack_size": [ 2, 4 ] },
      { "monster": "dkz_mon_stray_crackle", "freq": 10, "cost_multiplier": 3, "pack_size": [ 1, 2 ] },
      { "monster": "dkz_mon_stray_heavy", "freq": 20, "cost_multiplier": 0, "pack_size": [ 1, 4 ] },
      { "monster": "dkz_mon_crystal_mite", "freq": 5, "cost_multiplier": 25, "starts": 1440 },
      { "monster": "dkz_mon_crystal_hive", "freq": 1, "cost_multiplier": 25, "starts": 1440 },
      { "monster": "dkz_mon_crystal_mite", "freq": 10, "cost_multiplier": 25, "pack_size": [ 2, 5 ], "starts": 1660 }
    ]
  },
  {
    "type": "monstergroup",
    "name": "GROUP_VANILLA",
    "default": "mon_null",
    "monsters": [
      { "monster": "dkz_mon_stray", "freq": 25, "cost_multiplier": 0, "pack_size": [ 2, 6 ]  },
      { "monster": "dkz_mon_stray_big", "freq": 10, "cost_multiplier": 0, "pack_size": [ 1, 2 ] },
      { "monster": "dkz_mon_stray_child", "freq": 10, "cost_multiplier": 0, "pack_size": [ 1, 2 ] },
      { "monster": "dkz_mon_stray_heavy", "freq": 10, "cost_multiplier": 0, "pack_size": [ 1, 2 ] },
      { "monster": "dkz_mon_stray_creepler", "freq": 30, "cost_multiplier": 0, "pack_size": [ 2, 6 ] }
    ]
  },
  {
    "type": "monstergroup",
    "name": "GROUP_POLICE",
    "default": "mon_null",
    "monsters": [
      { "monster": "dkz_mon_stray", "freq": 25, "cost_multiplier": 0, "pack_size": [ 2, 5 ] },
      { "monster": "dkz_mon_stray_big", "freq": 20, "cost_multiplier": 0 },
      { "monster": "dkz_mon_stray_child", "freq": 10, "cost_multiplier": 0 },
      { "monster": "dkz_mon_stray_heavy", "freq": 10, "cost_multiplier": 0 },
      { "monster": "dkz_mon_stray_cop", "freq": 50, "cost_multiplier": 0 },
      { "monster": "dkz_mon_stray_cop", "freq": 50, "cost_multiplier": 0, "pack_size": [ 2, 6 ] },
      { "monster": "dkz_mon_stray_fireman", "freq": 15, "cost_multiplier": 0, "pack_size": [ 1, 4 ] },
      { "monster": "dkz_mon_stray_creepler", "freq": 5, "cost_multiplier": 0, "pack_size": [ 1, 3 ] },
      { "monster": "dkz_mon_stray_crackle", "freq": 10, "cost_multiplier": 0 },
      { "monster": "dkz_mon_crystal_mite", "freq": 5, "cost_multiplier": 25, "starts": 1440 },
      { "monster": "dkz_mon_crystal_hive", "freq": 1, "cost_multiplier": 25, "starts": 1440 },
      { "monster": "dkz_mon_crystal_mite", "freq": 10, "cost_multiplier": 25, "pack_size": [ 2, 5 ], "starts": 1660 }
    ]
  },
  {
    "type": "monstergroup",
    "name": "GROUP_HOUSE",
    "default": "mon_null",
    "monsters": [
      { "monster": "dkz_mon_stray", "freq": 55, "cost_multiplier": 0, "pack_size": [ 3, 6 ] },
      { "monster": "dkz_mon_stray_big", "freq": 20, "cost_multiplier": 0, "pack_size": [ 2, 6 ]  },
      { "monster": "dkz_mon_stray_heavy", "freq": 50, "cost_multiplier": 0 },
      { "monster": "dkz_mon_stray_child", "freq": 20, "cost_multiplier": 0 },
      { "monster": "dkz_mon_stray_cop", "freq": 20, "cost_multiplier": 0 },
      { "monster": "dkz_mon_stray_cop", "freq": 5, "cost_multiplier": 0, "pack_size": [ 0, 2 ] },
      { "monster": "dkz_mon_stray_fireman", "freq": 10, "cost_multiplier": 0 },
      { "monster": "dkz_mon_stray_fireman", "freq": 8, "cost_multiplier": 0, "pack_size": [ 1, 4 ] },
      { "monster": "dkz_mon_stray_creepler", "freq": 20, "cost_multiplier": 0 },
      { "monster": "dkz_mon_stray_creepler", "freq": 15, "cost_multiplier": 0, "pack_size": [ 1, 3 ] },
      { "monster": "dkz_mon_stray_crackle", "freq": 10, "cost_multiplier": 0 },
      { "monster": "dkz_mon_crystal_mite", "freq": 10, "cost_multiplier": 25, "starts": 1440 },
      { "monster": "dkz_mon_crystal_hive", "freq": 5, "cost_multiplier": 25, "starts": 1440 },
      { "monster": "dkz_mon_crystal_mite", "freq": 15, "cost_multiplier": 25, "pack_size": [ 2, 5 ], "starts": 1660 }
    ]
  },
  {
    "type": "monstergroup",
    "name": "GROUP_PREPPER_HOUSE",
    "default": "mon_null",
    "monsters": [
      { "monster": "dkz_mon_stray_heavy", "freq": 20, "cost_multiplier": 0 },
      { "monster": "dkz_mon_stray_soldier", "freq": 10, "cost_multiplier": 0, "pack_size": [ 2, 4 ] },
      { "monster": "dkz_mon_crystal_hive", "freq": 10, "cost_multiplier": 25, "starts": 1440 },
      { "monster": "dkz_mon_crystal_mite", "freq": 20, "cost_multiplier": 25, "starts": 1440 },
      { "monster": "dkz_mon_crystal_mite", "freq": 25, "cost_multiplier": 25, "pack_size": [ 2, 5 ], "starts": 1660 }
    ]
  },
  {
    "type": "monstergroup",
    "name": "GROUP_MIL_BASE",
    "default": "mon_null",
    "monsters": [
      { "monster": "dkz_mon_stray", "freq": 25, "cost_multiplier": 0, "pack_size": [ 2, 3 ] },
      { "monster": "dkz_mon_stray_cop", "freq": 45, "cost_multiplier": 0, "pack_size": [ 1, 2 ] },
      { "monster": "dkz_mon_stray_big", "freq": 20, "cost_multiplier": 0, "pack_size": [ 1, 3 ] },
      { "monster": "dkz_mon_stray_heavy", "freq": 20, "cost_multiplier": 0, "pack_size": [ 1, 2 ] },
      { "monster": "dkz_mon_stray_eater", "freq": 20, "cost_multiplier": 0, "pack_size": [ 1, 2 ] },
      { "monster": "dkz_mon_stray_soldier", "freq": 80, "cost_multiplier": 0, "pack_size": [ 1, 3 ] },
      { "monster": "dkz_mon_stray_soldier", "freq": 80, "cost_multiplier": 0, "pack_size": [ 2, 4 ] },
      { "monster": "dkz_mon_stray_creepler", "freq": 50, "cost_multiplier": 0, "pack_size": [ 1, 3 ] },
      { "monster": "dkz_mon_stray_crackle", "freq": 30, "cost_multiplier": 5, "pack_size": [ 1, 2 ] },
      { "monster": "dkz_mon_crystal_hive", "freq": 10, "cost_multiplier": 25, "starts": 1440 },
      { "monster": "dkz_mon_crystal_mite", "freq": 20, "cost_multiplier": 25, "starts": 1440 },
      { "monster": "dkz_mon_crystal_mite", "freq": 25, "cost_multiplier": 25, "pack_size": [ 2, 5 ], "starts": 1660 }
    ]
  },
  {
    "type": "monstergroup",
    "name": "GROUP_PHARM",
    "default": "mon_null",
    "monsters": [
      { "monster": "dkz_mon_stray", "freq": 25, "cost_multiplier": 0, "pack_size": [ 1, 3 ] },
      { "monster": "dkz_mon_stray_big", "freq": 20, "cost_multiplier": 0 },
      { "monster": "dkz_mon_stray_heavy", "freq": 20, "cost_multiplier": 0 },
      { "monster": "dkz_mon_stray_child", "freq": 20, "cost_multiplier": 0 },
      { "monster": "dkz_mon_stray_cop", "freq": 5, "cost_multiplier": 0, "pack_size": [ 1, 3 ] },
      { "monster": "dkz_mon_stray_fireman", "freq": 8, "cost_multiplier": 0, "pack_size": [ 1, 4 ] },
      { "monster": "dkz_mon_stray_creepler", "freq": 15, "cost_multiplier": 0, "pack_size": [ 1, 3 ] },
      { "monster": "dkz_mon_stray_crackle", "freq": 30, "cost_multiplier": 0 },
      { "monster": "dkz_mon_crystal_hive", "freq": 5, "cost_multiplier": 25, "starts": 1440 },
      { "monster": "dkz_mon_crystal_mite", "freq": 15, "cost_multiplier": 25, "pack_size": [ 2, 5 ], "starts": 1660 }
    ]
  },
  {
    "type": "monstergroup",
    "name": "GROUP_ELECTRO",
    "default": "mon_null",
    "monsters": [
      { "monster": "dkz_mon_stray", "freq": 15, "cost_multiplier": 0, "pack_size": [ 1, 3 ] },
      { "monster": "dkz_mon_stray_big", "freq": 20, "cost_multiplier": 0 },
      { "monster": "dkz_mon_stray_heavy", "freq": 20, "cost_multiplier": 0 },
      { "monster": "dkz_mon_stray_child", "freq": 20, "cost_multiplier": 0 },
      { "monster": "dkz_mon_stray_cop", "freq": 20, "cost_multiplier": 0 },
      { "monster": "dkz_mon_stray_fireman", "freq": 8, "cost_multiplier": 0, "pack_size": [ 1, 4 ] },
      { "monster": "dkz_mon_stray_creepler", "freq": 35, "cost_multiplier": 0, "pack_size": [ 1, 3 ] },
      { "monster": "dkz_mon_stray_crackle", "freq": 50, "cost_multiplier": 1, "pack_size": [ 2, 6 ] },
      { "monster": "dkz_mon_crystal_mite", "freq": 10, "cost_multiplier": 25, "starts": 1440 },
      { "monster": "dkz_mon_crystal_hive", "freq": 5, "cost_multiplier": 25, "starts": 1440 },
      { "monster": "dkz_mon_crystal_mite", "freq": 15, "cost_multiplier": 25, "pack_size": [ 2, 5 ], "starts": 1660 }
    ]
  },
  {
    "type": "monstergroup",
    "name": "GROUP_GROCERY",
    "default": "mon_null",
    "monsters": [
      { "monster": "dkz_mon_stray", "freq": 15, "cost_multiplier": 0, "pack_size": [ 1, 3 ] },
      { "monster": "dkz_mon_stray_big", "freq": 20, "cost_multiplier": 0 },
      { "monster": "dkz_mon_stray_heavy", "freq": 30, "cost_multiplier": 0 },
      { "monster": "dkz_mon_stray_child", "freq": 30, "cost_multiplier": 0 },
      { "monster": "dkz_mon_stray_cop", "freq": 5, "cost_multiplier": 0, "pack_size": [ 1, 3 ] },
      { "monster": "dkz_mon_stray_fireman", "freq": 10, "cost_multiplier": 0 },
      { "monster": "dkz_mon_stray_creepler", "freq": 15, "cost_multiplier": 0, "pack_size": [ 1, 3 ] },
      { "monster": "dkz_mon_stray_crackle", "freq": 30, "cost_multiplier": 0 },
      { "monster": "dkz_mon_crystal_mite", "freq": 10, "cost_multiplier": 25, "starts": 1440 },
      { "monster": "dkz_mon_crystal_hive", "freq": 5, "cost_multiplier": 25, "starts": 1440 },
      { "monster": "dkz_mon_crystal_mite", "freq": 15, "cost_multiplier": 25, "pack_size": [ 2, 5 ], "starts": 1660 }
    ]
  },
  {
    "type": "monstergroup",
    "name": "GROUP_PUBLICWORKERS",
    "default": "mon_null",
    "monsters": [
      { "monster": "dkz_mon_stray", "freq": 10, "cost_multiplier": 0 },
      { "monster": "dkz_mon_stray_big", "freq": 20, "cost_multiplier": 0 },
      { "monster": "dkz_mon_stray_child", "freq": 10, "cost_multiplier": 0 },
      { "monster": "dkz_mon_stray_creepler", "freq": 10, "cost_multiplier": 0 },
      { "monster": "dkz_mon_stray_crackle", "freq": 20, "cost_multiplier": 0 }
    ]
  },
  {
    "type": "monstergroup",
    "name": "GROUP_MAYBE_ZOMBIE",
    "default": "mon_null",
    "monsters": [
      { "monster": "dkz_mon_stray", "freq": 40, "cost_multiplier": 0, "pack_size": [ 2, 7 ] },
      { "monster": "dkz_mon_stray_big", "freq": 18, "cost_multiplier": 0, "pack_size": [ 1, 5 ] },
      { "monster": "dkz_mon_stray_heavy", "freq": 10, "cost_multiplier": 0, "pack_size": [ 1, 5 ] },
      { "monster": "dkz_mon_stray_creepler", "freq": 20, "cost_multiplier": 0, "pack_size": [ 1, 5 ] },
      { "monster": "dkz_mon_stray_child", "freq": 5, "cost_multiplier": 0, "pack_size": [ 1, 5 ] }
    ]
  },
  {
    "type": "monstergroup",
    "name": "GROUP_ZOMBIE_FAT_BASE",
    "default": "mon_null",
    "monsters": [ { "monster": "dkz_mon_stray_big", "freq": 40, "cost_multiplier": 0, "pack_size": [ 2, 6 ]  } ]
  },
  {
    "type": "monstergroup",
    "name": "GROUP_ZOMBIE_FAT",
    "default": "mon_null",
    "monsters": [
      { "monster": "dkz_mon_stray_eater", "freq": 20, "cost_multiplier": 0, "pack_size": [ 4, 8 ] },
      { "monster": "dkz_mon_stray_big", "freq": 40, "cost_multiplier": 20, "pack_size": [ 2, 6 ] }
    ]
  },
  {
    "type": "monstergroup",
    "name": "GROUP_ZOMBIE_GRAB",
    "default": "mon_null",
    "monsters": [
      { "monster": "dkz_mon_stray_wretch", "freq": 40, "cost_multiplier": 0 },
      { "monster": "dkz_mon_stray_wretch_tendrils", "freq": 40, "cost_multiplier": 0 }
    ]
  },
  {
    "type": "monstergroup",
    "name": "GROUP_SCHOOL",
    "default": "dkz_mon_stray_child",
    "//": "School monster spawns.",
    "monsters": [
      { "monster": "dkz_mon_stray_child", "freq": 60, "cost_multiplier": 0, "pack_size": [ 16, 32 ]  },
      { "monster": "dkz_mon_stray_big", "freq": 5, "cost_multiplier": 0, "pack_size": [ 1, 2 ]  },
      { "monster": "dkz_mon_stray_heavy", "freq": 5, "cost_multiplier": 0 },
      { "monster": "dkz_mon_stray", "freq": 5, "cost_multiplier": 0, "pack_size": [ 2, 6 ]  },
      { "monster": "dkz_mon_crystal_mite", "freq": 10, "cost_multiplier": 25, "starts": 1440 },
      { "monster": "dkz_mon_crystal_hive", "freq": 5, "cost_multiplier": 25, "starts": 1440 },
      { "monster": "dkz_mon_crystal_mite", "freq": 15, "cost_multiplier": 25, "pack_size": [ 2, 5 ], "starts": 1660 }
    ]
  },
  {
    "type": "monstergroup",
    "name": "GROUP_SMALL_STATION",
    "default": "mon_null",
    "monsters": [
      { "monster": "dkz_mon_stray", "freq": 5, "cost_multiplier": 4, "pack_size": [ 1, 2 ] },
      { "monster": "dkz_mon_stray_heavy", "freq": 5, "cost_multiplier": 5, "pack_size": [ 2, 4 ] },
      { "monster": "dkz_mon_stray_crackle", "freq": 25, "cost_multiplier": 0, "pack_size": [ 2, 4 ]  }
    ]
  },
  {
    "type": "monstergroup",
    "name": "GROUP_LARGE_STATION",
    "default": "mon_null",
    "monsters": [
      { "monster": "dkz_mon_stray_heavy", "freq": 5, "cost_multiplier": 0, "pack_size": [ 1, 2 ] },
      { "monster": "dkz_mon_stray", "freq": 10, "cost_multiplier": 0, "pack_size": [ 2, 4 ] },
      { "monster": "dkz_mon_stray_crackle", "freq": 25, "cost_multiplier": 0, "pack_size": [ 3, 8 ]  }
    ]
  },
  {
    "type": "monstergroup",
    "name": "GROUP_CHURCH_ZOMBIE",
    "default": "mon_null",
    "monsters": [
      { "monster": "dkz_mon_stray", "freq": 30, "cost_multiplier": 0, "pack_size": [ 25, 30 ] },
      { "monster": "dkz_mon_stray_big", "freq": 3, "cost_multiplier": 0, "pack_size": [ 1, 3 ] },
      { "monster": "dkz_mon_stray_heavy", "freq": 25, "cost_multiplier": 0 },
      { "monster": "dkz_mon_stray_child", "freq": 25, "cost_multiplier": 0 },
      { "monster": "dkz_mon_crystal_mite", "freq": 10, "cost_multiplier": 0, "starts": 1440 },
      { "monster": "dkz_mon_crystal_hive", "freq": 5, "cost_multiplier": 0, "starts": 1440 },
      { "monster": "dkz_mon_crystal_mite", "freq": 15, "cost_multiplier": 0, "pack_size": [ 2, 5 ], "starts": 1660 }
    ]
  },
  {
    "type": "monstergroup",
    "name": "GROUP_ZOMBIE_PRISON",
    "default": "mon_null",
    "monsters": [
      { "monster": "dkz_mon_stray", "freq": 350, "cost_multiplier": 0, "pack_size": [ 2, 6 ] },
      { "monster": "dkz_mon_stray_big", "freq": 275, "cost_multiplier": 0, "pack_size": [ 2, 4 ] },
      { "monster": "dkz_mon_stray_cop", "freq": 150, "cost_multiplier": 0, "pack_size": [ 2, 6 ] },
      { "monster": "dkz_mon_stray_crackle", "freq": 30, "cost_multiplier": 0 }
    ]
  },
  {
    "type": "monstergroup",
    "name": "GROUP_ZOMBIE_COP",
    "default": "mon_null",
    "monsters": [
      { "monster": "dkz_mon_stray_cop", "freq": 50, "cost_multiplier": 0, "pack_size": [ 0, 3 ] },
      { "monster": "dkz_mon_stray", "freq": 50, "cost_multiplier": 1, "pack_size": [ 1, 2 ] }
    ]
  },
  {
    "type": "monstergroup",
    "name": "GROUP_HOSPITAL",
    "default": "mon_null",
    "monsters": [
      { "monster": "dkz_mon_stray", "freq": 15, "cost_multiplier": 0, "pack_size": [ 2, 6 ]  },
      { "monster": "dkz_mon_stray_big", "freq": 5, "cost_multiplier": 0 },
      { "monster": "dkz_mon_stray_heavy", "freq": 5, "cost_multiplier": 0 },
      { "monster": "dkz_mon_stray_child", "freq": 5, "cost_multiplier": 0 },
      { "monster": "dkz_mon_stray_creepler", "freq": 20, "cost_multiplier": 0 },
      { "monster": "dkz_mon_stray_creepler", "freq": 15, "cost_multiplier": 2, "pack_size": [ 1, 6 ] },
      { "monster": "dkz_mon_stray_fireman", "freq": 10, "cost_multiplier": 0 },
      { "monster": "dkz_mon_stray_soldier", "freq": 5, "cost_multiplier": 0 },
      { "monster": "dkz_mon_stray_cop", "freq": 10, "cost_multiplier": 0 },
      { "monster": "dkz_mon_stray_cop", "freq": 5, "cost_multiplier": 0, "pack_size": [ 2, 4 ] },
      { "monster": "dkz_mon_stray_crackle", "freq": 10, "cost_multiplier": 0 },
      { "monster": "dkz_mon_stray_heavy", "freq": 20, "cost_multiplier": 0, "pack_size": [ 1, 4 ] },
      { "monster": "dkz_mon_crystal_mite", "freq": 5, "cost_multiplier": 0, "starts": 1440 },
      { "monster": "dkz_mon_crystal_hive", "freq": 1, "cost_multiplier": 0, "starts": 1440 },
      { "monster": "dkz_mon_crystal_mite", "freq": 10, "cost_multiplier": 0, "pack_size": [ 2, 5 ], "starts": 1660 }
    ]
  },
  {
    "type": "monstergroup",
    "name": "GROUP_STEEL_MILL",
    "default": "mon_null",
    "//": "Steel mill monster spawns.",
    "monsters": [
      { "monster": "dkz_mon_stray", "freq": 25, "cost_multiplier": 0, "pack_size": [ 2, 6 ] },
      { "monster": "dkz_mon_stray_big", "freq": 15, "cost_multiplier": 0, "pack_size": [ 4, 8 ] },
      { "monster": "dkz_mon_stray_heavy", "freq": 15, "cost_multiplier": 0, "pack_size": [ 1, 2 ] },
      { "monster": "dkz_mon_stray_child", "freq": 15, "cost_multiplier": 0 },
      { "monster": "dkz_mon_stray_creepler", "freq": 10, "cost_multiplier": 0 },
      { "monster": "dkz_mon_stray_creepler", "freq": 5, "cost_multiplier": 0, "pack_size": [ 1, 6 ] },
      { "monster": "dkz_mon_stray_fireman", "freq": 10, "cost_multiplier": 0 },
      { "monster": "dkz_mon_stray_soldier", "freq": 5, "cost_multiplier": 0 },
      { "monster": "dkz_mon_stray_cop", "freq": 10, "cost_multiplier": 0 },
      { "monster": "dkz_mon_stray_cop", "freq": 5, "cost_multiplier": 0, "pack_size": [ 2, 4 ] },
      { "monster": "dkz_mon_stray_crackle", "freq": 10, "cost_multiplier": 0 },
      { "monster": "dkz_mon_stray_heavy", "freq": 20, "cost_multiplier": 0, "pack_size": [ 1, 4 ] },
      { "monster": "dkz_mon_crystal_mite", "freq": 5, "cost_multiplier": 0, "starts": 1440 },
      { "monster": "dkz_mon_crystal_hive", "freq": 1, "cost_multiplier": 0, "starts": 1440 },
      { "monster": "dkz_mon_crystal_mite", "freq": 10, "cost_multiplier": 0, "pack_size": [ 2, 5 ], "starts": 1660 }
    ]
  },
  {
    "name": "GROUP_MALL",
    "type": "monstergroup",
    "default": "mon_null",
    "monsters": [
      { "monster": "dkz_mon_stray", "freq": 50, "cost_multiplier": 0, "pack_size": [ 1, 4 ] },
      { "monster": "dkz_mon_stray_big", "freq": 30, "cost_multiplier": 0, "pack_size": [ 1, 2 ] },
      { "monster": "dkz_mon_stray_fireman", "freq": 10, "cost_multiplier": 0, "pack_size": [ 1, 2 ] },
      { "monster": "dkz_mon_stray_cop", "freq": 20, "cost_multiplier": 0, "pack_size": [ 1, 2 ] },
      { "monster": "dkz_mon_stray_child", "freq": 20, "cost_multiplier": 0, "pack_size": [ 2, 4 ] },
      { "monster": "dkz_mon_crystal_mite", "freq": 30, "cost_multiplier": 0, "starts": 1440 },
      { "monster": "dkz_mon_crystal_hive", "freq": 30, "cost_multiplier": 0, "starts": 1440 },
      { "monster": "dkz_mon_crystal_mite", "freq": 30, "cost_multiplier": 0, "pack_size": [ 2, 5 ], "starts": 1660 }
    ]
  },
  {
    "type": "monstergroup",
    "name": "GROUP_ZOMBIE_SEXSHOP_A",
    "default": "mon_null",
    "monsters": [
      { "monster": "dkz_mon_stray_cop", "freq": 12, "cost_multiplier": 0, "pack_size": [ 1, 2 ] },
      { "monster": "dkz_mon_stray", "freq": 15, "cost_multiplier": 0 }
    ]
  },
  {
    "type": "monstergroup",
    "name": "GROUP_ZOMBIE_SEXSHOP_B",
    "default": "mon_null",
    "monsters": [ { "monster": "dkz_mon_stray_big", "freq": 50, "cost_multiplier": 0 } ]
  },
  {
    "name": "GROUP_FIRE",
    "type": "monstergroup",
    "default": "mon_null",
    "monsters": [
      { "monster": "dkz_mon_stray_cop", "freq": 50, "cost_multiplier": 0, "pack_size": [ 1, 2 ] },
      { "monster": "dkz_mon_stray_fireman", "freq": 80, "cost_multiplier": 0, "pack_size": [ 5, 10 ] },
      { "monster": "dkz_mon_stray", "freq": 40, "cost_multiplier": 0 }
    ]
  },
  {
    "name": "GROUP_PLAIN",
    "type": "monstergroup",
    "default": "mon_null",
    "monsters": [ { "monster": "dkz_mon_stray", "freq": 40, "cost_multiplier": 0, "pack_size": [ 1, 3 ] } ]
  },
  {
    "name": "GROUP_HOTEL_POOL",
    "type": "monstergroup",
    "default": "mon_null",
    "monsters": [
      { "monster": "dkz_mon_stray", "freq": 50, "cost_multiplier": 0, "pack_size": [ 2, 6 ] },
      { "monster": "dkz_mon_stray_child", "freq": 35, "cost_multiplier": 0, "pack_size": [ 1, 2 ] }
    ]
  },
  {
    "name": "GROUP_HOTEL_GYM",
    "type": "monstergroup",
    "default": "mon_null",
    "monsters": [
      { "monster": "dkz_mon_stray_big", "freq": 15, "cost_multiplier": 0, "pack_size": [ 2, 6 ] },
      { "monster": "dkz_mon_stray_heavy", "freq": 8, "cost_multiplier": 0 }
    ]
  },
  {
    "name": "GROUP_POOL_NOKIDS",
    "type": "monstergroup",
    "default": "mon_null",
    "monsters": [
      { "monster": "dkz_mon_stray_heavy", "freq": 100, "cost_multiplier": 0 },
      { "monster": "dkz_mon_stray", "freq": 50, "cost_multiplier": 0, "pack_size": [ 3, 8 ] }
    ]
  }
]
