[
  {
    "type": "overmap_special",
    "id": "hell_spire",
    "overmaps":
    [
      { "point":[0,0,0], "overmap": "hell_city_entranceNW"},
      { "point":[1,0,0], "overmap": "hell_city_entranceNE"},
      { "point":[0,1,0], "overmap": "hell_city_entranceSW"},
      { "point":[1,1,0], "overmap": "hell_city_entranceSE"},
      { "point":[0,0,-1], "overmap": "hell_city_tunnel_B1W"},
      { "point":[1,0,-1], "overmap": "hell_city_tunnel_B1E"},
      { "point":[0,0,-2], "overmap": "hell_city_tunnel_prison_N"},
      { "point":[0,1,-2], "overmap": "hell_city_tunnel_prison_S"},
      { "point":[1,0,-2], "overmap": "hell_city_tunnel_B2E"},
      { "point":[1,0,-3], "overmap": "hell_city_B3N"},
      { "point":[1,1,-3], "overmap": "hell_city_B3S"}
    ],
    "locations": [ "land" ],
    "city_distance": [-1, 4],
    "city_sizes": [4, 16],
    "occurrences": [0, 0],
    "rotate": false
  },{
    "type": "overmap_special",
    "id": "hell_castle",
    "overmaps":
    [
      { "point":[0,0,0], "overmap": "hell_castle_NW"},
      { "point":[1,0,0], "overmap": "hell_castle_N"},
      { "point":[2,0,0], "overmap": "hell_castle_NE"},
      { "point":[0,1,0], "overmap": "hell_castle_CW"},
      { "point":[1,1,0], "overmap": "hell_castle_C"},
      { "point":[2,1,0], "overmap": "hell_castle_CE"},
      { "point":[0,2,0], "overmap": "hell_castle_SW"},
      { "point":[1,2,0], "overmap": "hell_castle_S"},
      { "point":[2,2,0], "overmap": "hell_castle_SE"},
      { "point":[0,0,-1], "overmap": "hell_castle_B1_NW"},
      { "point":[1,0,-1], "overmap": "hell_castle_B1_N"},
      { "point":[2,0,-1], "overmap": "hell_castle_B1_NE"},
      { "point":[0,1,-1], "overmap": "hell_castle_B1_CW"},
      { "point":[1,1,-1], "overmap": "hell_castle_B1_C"},
      { "point":[2,1,-1], "overmap": "hell_castle_B1_CE"},
      { "point":[0,2,-1], "overmap": "hell_castle_B1_SW"},
      { "point":[1,2,-1], "overmap": "hell_castle_B1_S"},
      { "point":[2,2,-1], "overmap": "hell_castle_B1_SE"},
      { "point":[0,0,-2], "overmap": "hell_castle_B2_NW"},
      { "point":[1,0,-2], "overmap": "hell_castle_B2_N"},
      { "point":[2,0,-2], "overmap": "hell_castle_B2_NE"},
      { "point":[0,1,-2], "overmap": "hell_castle_B2_CW"},
      { "point":[1,1,-2], "overmap": "hell_castle_B2_C"},
      { "point":[2,1,-2], "overmap": "hell_castle_B2_CE"},
      { "point":[0,2,-2], "overmap": "hell_castle_B2_SW"},
      { "point":[1,2,-2], "overmap": "hell_castle_B2_S"},
      { "point":[2,2,-2], "overmap": "hell_castle_B2_SE"}
    ],
    "locations": [ "land" ],
    "city_distance": [2, 25],
    "city_sizes": [4, 16],
    "occurrences": [0, 0],
    "rotate": false
  },{
    "type": "overmap_special",
    "id": "doom_lab",
    "overmaps":
    [
      { "point":[0,0,0], "overmap": "forest"},
      { "point":[1,0,0], "overmap": "forest"},
      { "point":[2,0,0], "overmap": "doomlab_f00_20"},
      { "point":[3,0,0], "overmap": "forest"},
      { "point":[4,0,0], "overmap": "forest"},
      { "point":[0,1,0], "overmap": "forest"},
      { "point":[1,1,0], "overmap": "forest"},
      { "point":[2,1,0], "overmap": "forest"},
      { "point":[3,1,0], "overmap": "forest"},
      { "point":[4,1,0], "overmap": "forest"},
      { "point":[0,2,0], "overmap": "forest"},
      { "point":[1,2,0], "overmap": "forest"},
      { "point":[2,2,0], "overmap": "forest"},
      { "point":[3,2,0], "overmap": "forest"},
      { "point":[4,2,0], "overmap": "forest"},
      { "point":[0,3,0], "overmap": "forest"},
      { "point":[1,3,0], "overmap": "forest"},
      { "point":[2,3,0], "overmap": "forest"},
      { "point":[3,3,0], "overmap": "forest"},
      { "point":[4,3,0], "overmap": "forest"},
      { "point":[0,4,0], "overmap": "forest"},
      { "point":[1,4,0], "overmap": "forest"},
      { "point":[2,4,0], "overmap": "forest"},
      { "point":[3,4,0], "overmap": "forest"},
      { "point":[4,4,0], "overmap": "forest"},
      { "point":[0,0,-1], "overmap": "doomlab_lab_open"},
      { "point":[1,0,-1], "overmap": "doomlab_lab_open"},
      { "point":[2,0,-1], "overmap": "doomlab_f01_20" },
      { "point":[3,0,-1], "overmap": "doomlab_office"},
      { "point":[4,0,-1], "overmap": "doomlab_office"},
      { "point":[0,1,-1], "overmap": "doomlab_lab_open"},
      { "point":[1,1,-1], "overmap": "doomlab_lab_open"},
      { "point":[2,1,-1], "overmap": "doomlab_lab_open"},
      { "point":[3,1,-1], "overmap": "doomlab_office"},
      { "point":[4,1,-1], "overmap": "doomlab_office"},
      { "point":[0,2,-1], "overmap": "doomlab_dorm"},
      { "point":[1,2,-1], "overmap": "doomlab_lab_open"},
      { "point":[2,2,-1], "overmap": "doomlab_lab_open"},
      { "point":[3,2,-1], "overmap": "doomlab_office"},
      { "point":[4,2,-1], "overmap": "doomlab_office"},
      { "point":[0,3,-1], "overmap": "doomlab_office"},
      { "point":[1,3,-1], "overmap": "doomlab_lab_open"},
      { "point":[2,3,-1], "overmap": "doomlab_lab_open"},
      { "point":[3,3,-1], "overmap": "doomlab_dorm"},
      { "point":[4,3,-1], "overmap": "doomlab_dorm"},
      { "point":[0,4,-1], "overmap": "doomlab_stairs"},
      { "point":[1,4,-1], "overmap": "doomlab_dorm"},
      { "point":[2,4,-1], "overmap": "doomlab_comms"},
      { "point":[3,4,-1], "overmap": "doomlab_lab_open"},
      { "point":[4,4,-1], "overmap": "doomlab_stairs"},
      { "point":[-1,2,-1], "overmap": "doomlab_redacted"},
      { "point":[1,5,-1], "overmap": "doomlab_redacted"},
      { "point":[0,0,-2], "overmap": "doomlab_comms"},
      { "point":[1,0,-2], "overmap": "doomlab_lab_open"},
      { "point":[2,0,-2], "overmap": "doomlab_finale"},
      { "point":[3,0,-2], "overmap": "doomlab_lab_open"},
      { "point":[4,0,-2], "overmap": "doomlab_lab_open"},
      { "point":[0,1,-2], "overmap": "doomlab_dorm"},
      { "point":[1,1,-2], "overmap": "doomlab_dorm"},
      { "point":[2,1,-2], "overmap": "doomlab_dorm"},
      { "point":[3,1,-2], "overmap": "doomlab_lab_prm"},
      { "point":[4,1,-2], "overmap": "doomlab_lab_prm"},
      { "point":[0,2,-2], "overmap": "doomlab_redacted"},
      { "point":[1,2,-2], "overmap": "doomlab_lab_open"},
      { "point":[2,2,-2], "overmap": "doomlab_lab_prm"},
      { "point":[3,2,-2], "overmap": "doomlab_comms"},
      { "point":[4,2,-2], "overmap": "doomlab_lab_open"},
      { "point":[0,3,-2], "overmap": "doomlab_lab_prm"},
      { "point":[1,3,-2], "overmap": "doomlab_comms"},
      { "point":[2,3,-2], "overmap": "doomlab_lab_open"},
      { "point":[3,3,-2], "overmap": "doomlab_office"},
      { "point":[4,3,-2], "overmap": "doomlab_office"},
      { "point":[0,4,-2], "overmap": "doomlab_stairs_II"},
      { "point":[1,4,-2], "overmap": "doomlab_office"},
      { "point":[2,4,-2], "overmap": "doomlab_redacted"},
      { "point":[3,4,-2], "overmap": "doomlab_office"},
      { "point":[4,4,-2], "overmap": "doomlab_stairs_II"},
      { "point":[0,-1,-2], "overmap": "doomlab_redacted"},
      { "point":[1,-1,-2], "overmap": "doomlab_comms"},
      { "point":[2,-1,-2], "overmap": "doomlab_office"},
      { "point":[3,-1,-2], "overmap": "doomlab_lab_open"},
      { "point":[4,-1,-2], "overmap": "doomlab_redacted"},
      { "point":[2,5,-2], "overmap": "doomlab_redacted"},
      { "point":[2,0,-3], "overmap": "doomlab_finale_II"}
    ],
    "connections": [
    { "point": [2,-1,0], "terrain": "road" }
    ],
    "locations": [ "forest", "swamp" ],
    "city_distance": [3, -1],
    "city_sizes": [4, 16],
    "occurrences": [0, 0],
    "rotate": true
  }
]
