[
{
    "type": "MOD_INFO",
    "id": "PK_No_Triffids",
    "name": "PK - No Triffids",
    "description": "Removes triffids from the game, and fungal variants.",
    "category": "monster_exclude",
    "dependencies": [ "PK_REBALANCE" ],
    "path": ""
},{
    "type": "MONSTER_BLACKLIST",
    "categories": [
        "GROUP_TRIFFID",
        "GROUP_TRIFFID_SWAMP"
   ]
},{
    "type": "MONSTER_BLACKLIST",
    "monsters": [
        "mon_triffid",
        "mon_triffid_young",
        "mon_fungal_fighter",
        "mon_vinebeast",
        "mon_triffid_queen",
        "mon_triffid_heart",
		"mon_creeper_hub",
		"mon_creeper_vine",
		"mon_biollante_pk",
		"mon_creeper_vine_terminal",
		"mon_creeper_vine_pk",
		"mon_creeper_vine_terminal_pk",
		"mon_creeper_root",
		"mon_vinebeast_terminal",
		"mon_vinebeast_pk",
		"mon_triffid_pk",
		"mon_treent",
		"mon_treent_green",
		"mon_dionaea_sprout",
		"mon_dionaea",
		"mon_minecraft",
		"mon_minecraft_charged",
		
		"mon_finebeast",
		"mon_fionaea",
		"mon_finecraft"
    ]
}
]
