[
  {
    "type": "overmap_special",
    "id": "Triffid Grove",
    "overmaps":
    [
      { "point":[0,0,0], "overmap": "triffid_grove"},
      { "point":[0,0,-1], "overmap": "triffid_roots"},
      { "point":[0,0,-2], "overmap": "triffid_roots"},
      { "point":[0,0,-3], "overmap": "triffid_finale"}
    ],
    "locations": [ "forest" ],
    "city_distance": [1, -1],
    "city_sizes": [1, 16],
    "occurrences": [0, 0],
    "rotate": true
  },{
    "type": "overmap_special",
    "id": "Triffid Grove Swamp",
    "overmaps":
    [
      { "point":[0,0,0], "overmap": "triffid_grove_swamp"},
      { "point":[0,0,-1], "overmap": "triffid_roots"},
      { "point":[0,0,-2], "overmap": "triffid_roots"},
      { "point":[0,0,-3], "overmap": "triffid_finale"}
    ],
    "locations": [ "swamp" ],
    "city_distance": [1, -1],
    "city_sizes": [1, 16],
    "occurrences": [0, 0],
    "rotate": true
  }
]


